Product_ID,Category,Sub_Category,Product_Name,Price,StockQuantity,WarrantyPeriod,SupplierID
bf437b08-a208-4f19-8ac6-523f110b15d5,Office Supplies,Phones,image,561.31,335,365,80
d888a050-d570-4044-8507-5cefbfa9b1e5,Technology,Paper,either,78.97,38,0,52
0044a03a-466a-4927-bddd-ea7fcdb8f329,Office Supplies,Chairs,produce,492.96,256,90,31
3230f49f-7fba-4ba5-9c86-cdbffe3b56ea,Office Supplies,Paper,involve,697.84,435,90,11
06104c90-72db-4aa7-9198-beea8c928525,Technology,Accessories,project,56.55,321,0,49
a62bd74f-b817-4006-a156-b62803bff2a5,Furniture,Chairs,want,466.6,22,365,31
dddea478-9ecf-4b25-83b9-3148a51e32ec,Office Supplies,Accessories,deal,986.22,498,365,11
2ed0230f-450b-4b42-a15b-382a98d3f9ae,Technology,Chairs,character,110.17,300,30,44
7d3dfeb7-5126-47a8-93d0-ba68c2822f51,Technology,Phones,arm,415.71,117,0,72
0b682281-689e-4f2f-9a6f-84a7ee8ee454,Furniture,Paper,friend,702.88,309,30,39
4f895669-caf4-4294-8ed5-2b2820bcd63b,Office Supplies,Phones,country,726.04,393,0,31
303c4d30-6a34-424e-874a-ae08ce1fe999,Office Supplies,Chairs,indicate,36.62,368,30,99
3dfbc4dd-9728-4732-996e-b801e4c04e7d,Furniture,Paper,size,811.92,497,365,57
4be1c9db-b185-4abb-83dc-1cb8128c99f3,Technology,Chairs,condition,225.75,311,0,49
56f5f474-be81-4297-8f1d-ce049cfc1a3f,Technology,Chairs,each,278.22,495,30,91
0b62775d-e9dd-46d6-ae74-e3cf9b91d338,Furniture,Chairs,live,915.56,41,0,47
cf5bb473-fc6a-47d7-bebe-c98545375e6d,Technology,Phones,institution,405.96,413,365,6
898b9bfc-101f-49d8-bf42-49bacda8425a,Office Supplies,Accessories,industry,854.63,134,90,20
cecc57e8-50f3-4d84-8031-d231e027a1ed,Furniture,Phones,enough,285.91,10,90,88
e08f5070-cfba-4afa-9458-9dd32dbf2245,Technology,Phones,car,164.14,445,0,2
893a5004-7b1f-481a-b9cd-bce6869fda7d,Furniture,Chairs,bring,407.54,346,0,25
194de48b-76ac-4238-befb-4a5b2f757f63,Technology,Paper,change,99.77,471,30,92
8242006e-0ecd-4023-9ac0-bbf104bf19c0,Furniture,Accessories,human,477.9,76,90,68
75d974a8-8b70-4288-824f-385bfa6f0f67,Office Supplies,Chairs,father,484.08,223,90,69
c28093e4-9dcc-4553-85e5-08c8d01a0d9d,Technology,Chairs,evening,333.56,321,0,33
952f64e2-1e2b-4691-aef8-3d02dcda91b3,Technology,Paper,quite,169.04,489,30,2
a0cf9270-b708-44c5-b7ed-d2776493112a,Furniture,Accessories,will,697.93,125,0,18
9ebd8116-3c52-43e0-9f94-62d69c860481,Office Supplies,Phones,chance,284.94,121,0,51
30971b6a-b38f-4010-bc91-2f27494ddddf,Office Supplies,Chairs,travel,714.81,82,365,98
7eb0e31b-6bfd-49cc-80b5-cf8d1073340c,Office Supplies,Chairs,interview,284.57,254,365,92
a47f34bf-c80a-46bf-a142-2b1f83d8a1b0,Furniture,Accessories,energy,53.53,200,365,55
fba9e9b6-750d-46c1-919a-09af9812da41,Office Supplies,Accessories,walk,528.26,130,0,48
bf199c86-e422-4c58-8792-5def37ecb9e7,Furniture,Phones,save,990.6,387,365,22
e9e84840-1459-4ae1-9636-0553f802809a,Furniture,Phones,difference,731.53,192,90,28
4938c292-a27c-4030-a65c-c83fe7338aec,Furniture,Phones,another,58.75,28,90,54
153a9bb4-de9e-4e7b-91a4-16b4c7c40c0f,Office Supplies,Phones,board,924.35,380,365,58
d40f6c96-68b2-4944-b675-d9667416d927,Furniture,Paper,task,126.19,112,365,94
09836644-3f65-47bb-b229-823b9f61e161,Office Supplies,Paper,force,206.26,391,30,91
ba715dd1-b88b-4a69-ae08-a1f037b87939,Furniture,Paper,yeah,799.94,262,0,97
810b6cf0-59f8-456d-86b9-ced6bc907bef,Office Supplies,Accessories,bag,686.47,84,30,64
336c5d25-8629-4851-813b-d2734fea1c3d,Technology,Chairs,teacher,875.74,154,365,35
f73a9b36-c8d3-4b36-ad18-e66a0c4ad207,Office Supplies,Accessories,voice,927.47,149,365,2
108c4061-469f-4e87-ab1c-58259dbbf5fb,Office Supplies,Paper,size,108.33,424,0,89
ce0a70fc-6571-4266-a995-266fce92628b,Furniture,Paper,science,913.34,34,365,76
dc69da5f-7ee7-4f21-ae28-49a89f4a86bd,Furniture,Phones,media,948.91,155,0,18
531c463a-4c3e-4f09-b589-f371479f02a3,Technology,Paper,key,575.27,61,30,86
638bcf38-0865-41f3-bff3-2ab589508dc5,Furniture,Phones,later,914.34,419,90,34
ac70f567-3b11-42c5-af36-8c5bbdfae08d,Office Supplies,Chairs,Mr,754.46,53,365,82
77f07231-ec8f-4ab9-97df-90574ef20f05,Technology,Accessories,let,592.86,17,365,62
73173f9b-72b6-49eb-9c78-927612396854,Office Supplies,Phones,fire,930.06,62,0,39
ac4be5ab-d1ca-4d2d-be3a-34be68c1a281,Office Supplies,Phones,eye,40.69,183,0,56
635044a2-b438-4d2e-9543-1d4f570757e0,Technology,Paper,teacher,410.01,394,365,43
24b15ddb-d864-44ba-9b55-82ba3e64ca53,Technology,Phones,agency,844.35,92,30,20
e2cb2c74-f9fc-4d7f-8097-70d06dff5f3b,Furniture,Phones,occur,148.05,237,0,52
4e3bfced-4f0c-4223-8356-aae4492dfb8e,Furniture,Paper,morning,389.12,221,30,89
de704f2f-9df0-4ade-a6f3-0c48db514e0e,Office Supplies,Chairs,could,683.68,130,30,78
88e6cd2f-b6a9-4606-9bf6-e4de1b9e3646,Furniture,Paper,citizen,879.84,50,30,49
74998446-ff7a-4f99-84f8-04ae862686b7,Furniture,Accessories,eye,812.85,275,30,53
9ea714ee-90bb-422c-be35-61d93b8c2041,Technology,Accessories,should,851.21,230,0,17
634498ab-1541-470a-8378-ee5c4cb95452,Technology,Paper,benefit,657.52,283,0,64
10c03126-c894-4314-a2d0-e578c1e908ba,Office Supplies,Paper,time,986.44,34,0,5
392182d3-c7d8-4c7f-82f2-45af0f998b7f,Technology,Paper,lose,514.48,170,365,42
983fdab7-d693-4608-9119-ddeef70ed397,Office Supplies,Phones,close,275.79,331,365,5
d7751682-8e6f-46ef-85a5-5f573547fcd8,Technology,Phones,result,776.36,365,90,60
527e0cbf-ca4a-4455-b830-2fdb82f24dfd,Furniture,Chairs,drive,766.15,479,365,77
fb15b236-4452-4f9b-a622-92bd5d8b4a19,Office Supplies,Paper,about,168.13,178,365,1
d8ed4706-ab33-4dcf-b27b-77ba2d8b0987,Office Supplies,Paper,that,534.12,197,30,100
58a98f69-6812-4891-92b0-ab1ba0fdd0bf,Office Supplies,Phones,professional,911.72,429,90,26
69a28405-67b9-4b25-9e71-b2599bd04559,Technology,Accessories,anyone,211.66,105,30,19
04d997ae-7dc5-47ce-8a2e-2b7118f61c2c,Furniture,Phones,sometimes,998.12,244,90,97
bad00a6c-743d-4eb5-b6bd-9456c72bc0eb,Furniture,Accessories,happy,948.74,321,30,65
661d3569-de80-43ad-993d-2e509c9524d4,Technology,Chairs,direction,839.41,473,30,10
99b5e286-1af5-4200-b73b-4029d5122fc7,Technology,Paper,learn,702.01,35,0,26
5cbe0828-9a46-49f2-b83b-a02065e10021,Furniture,Chairs,tree,333.41,271,0,97
0ddbcf16-b46d-4ee1-80bc-7d653f8f5ed3,Office Supplies,Phones,interview,773.49,457,30,54
0899ded4-13f8-46f0-8bee-f3770c1e6936,Office Supplies,Accessories,call,955.21,471,365,51
8871c7d4-bab5-4cd1-a7de-6234d8cd4daf,Office Supplies,Paper,high,391.01,346,365,46
f363f008-8997-4451-8499-e2e356e033a2,Office Supplies,Accessories,than,599.5,83,365,57
ae67b5b1-e9f2-44c0-bbb5-2f50a212235b,Technology,Accessories,back,528.49,75,30,2
aae623a8-786d-461c-a8b3-26e78869f1dc,Office Supplies,Phones,worker,338.61,436,0,87
fabeac1b-0aef-4e1b-a5a8-f001d4820587,Office Supplies,Accessories,action,207.28,95,365,23
415cf2da-7926-43e8-9bed-d974448955ba,Technology,Phones,forget,667.18,292,0,47
2c24f8c7-29a3-4967-b0b9-46e9e747f7c4,Technology,Accessories,TV,500.21,453,90,59
2c3d6757-1c25-4683-bd7b-e353be92b9b0,Technology,Accessories,light,29.22,332,365,68
542057a7-1d0f-49b4-b3ff-28d745e7ac04,Office Supplies,Chairs,person,356.02,324,30,67
aef14412-7720-4de4-919a-e78d0fcbea51,Office Supplies,Accessories,little,726.58,95,30,54
a8b5f6b9-2181-4037-b151-bb99e6f21f9b,Office Supplies,Accessories,positive,938.0,316,365,24
2a9b6221-1a97-4237-883c-cf3418a91e1e,Office Supplies,Chairs,expert,778.43,135,90,57
7a45cc32-b360-416d-a454-cd32a9cf2497,Technology,Phones,well,360.53,410,365,51
be934df7-2fb1-4174-8a9a-bc3a303f8b36,Technology,Chairs,collection,302.34,220,30,54
b0d19535-6541-47fb-95b0-d6e1f448a229,Furniture,Paper,husband,649.2,372,90,37
e3ffd4b7-20c2-4b92-8ae2-eb22eaa3538e,Technology,Phones,responsibility,181.76,491,0,19
ba298ce3-38ff-447a-8d70-74a219a700d2,Furniture,Chairs,power,603.87,98,0,15
81dcb479-b0da-4b9e-9687-202b3bb7495e,Office Supplies,Chairs,specific,573.66,265,30,29
0752dcb9-cbd9-4380-9a3f-de0eb74ea30e,Technology,Phones,result,550.36,33,90,71
dddc8ba5-69a8-48c2-94c8-c02f0237cd8d,Furniture,Chairs,he,869.39,491,365,92
aa3d1ad0-168b-443e-a63f-ab099594b4d0,Furniture,Chairs,site,564.18,125,90,21
adaf8c17-1fa5-41df-8975-b7fd04193b8d,Furniture,Paper,book,952.74,410,0,10
4659517e-e655-4f30-a984-6c9d8ccaeb95,Furniture,Accessories,research,241.66,243,365,70
5c1b7b39-2593-4da1-935a-45c4541f045a,Furniture,Chairs,technology,552.14,103,90,10
9379624b-29c8-45fc-bd06-816204d9411d,Furniture,Chairs,expert,165.29,308,365,34
fc7f5bea-0897-4550-8299-ed154382a1e8,Technology,Phones,can,960.45,406,365,83
fac99821-1598-4721-81a6-d29e7db03494,Technology,Chairs,value,192.24,76,30,64
e26dd56a-c3cf-4c11-96db-8ae847ae6186,Furniture,Accessories,any,939.5,484,90,81
929b4e30-28b6-4f8d-bd28-954ccae221e9,Furniture,Accessories,drug,805.63,171,0,36
d9401745-326e-4c32-bea3-5f2230e7fbc6,Office Supplies,Paper,decade,150.49,392,365,24
7375d4f4-743d-49c8-991d-fe9e5259c688,Furniture,Paper,western,950.91,313,365,53
844d1f5e-6e8a-43cf-a992-b66ba921618a,Office Supplies,Chairs,reveal,213.4,320,30,88
4fcef5c6-b65d-4376-8b39-acdd50273462,Furniture,Accessories,artist,402.6,88,0,74
d554bfa4-b595-4121-9185-e96592215847,Technology,Phones,perhaps,554.49,15,365,55
25dc4f24-c6e1-40e7-84ef-f296724e6aa8,Office Supplies,Chairs,different,330.63,133,30,56
39816b3f-7867-4666-8c42-770f9a0fdb0b,Office Supplies,Paper,hard,955.93,245,30,4
da6f5c8e-3563-423e-a676-2b60d92472de,Office Supplies,Accessories,her,116.13,227,0,30
0878ca73-2194-4825-be51-2d45f3a37be2,Furniture,Accessories,what,344.13,243,365,71
13f9e88a-f4cb-4abd-acc3-d95c360db047,Office Supplies,Accessories,industry,727.4,412,0,91
c142500e-d66a-44ea-ae41-bd5703f70645,Office Supplies,Accessories,senior,19.78,429,0,6
b000a3a3-86b6-412d-8b5c-af3ce99ffc66,Office Supplies,Accessories,election,257.97,270,30,24
7b591d09-84b6-459b-8454-cea7a3a8ee7d,Furniture,Phones,red,370.26,23,365,97
6a13d9e9-b847-4940-aa66-786342c24f9b,Office Supplies,Phones,economy,820.05,116,90,98
0d211ac5-1a44-42c6-9bba-d92d2116093a,Furniture,Chairs,bad,791.95,290,0,33
535fc4ef-f98e-4611-aefd-2c0d74f27b86,Office Supplies,Phones,shake,225.37,367,365,83
af6ba006-3289-4f71-b9e6-b46d607459fa,Furniture,Accessories,political,763.16,34,365,56
47f79a8c-e6e9-421b-991c-ba9c21bb4cfc,Technology,Phones,direction,256.61,322,365,18
44f68298-73a9-46dc-b100-b183440faba7,Technology,Paper,professional,350.32,83,365,8
be6899f1-0cfb-48f8-b1eb-ce7b2c917a58,Office Supplies,Accessories,detail,779.03,92,0,2
4899decd-aacf-41aa-92b3-1e0277eaea0a,Office Supplies,Phones,able,940.04,12,0,17
5ce28de7-677c-4cab-bc5f-b18628c02165,Office Supplies,Paper,member,436.59,453,365,13
9ba3d116-a9d5-41b3-ac3b-8e65eecbb568,Technology,Paper,leave,257.9,149,365,48
d4fc48a5-12ad-43e2-9c8a-7c676e45f1c3,Technology,Paper,indeed,813.5,276,0,88
643db805-b51e-48db-bd16-f4ac1e6405d3,Office Supplies,Paper,success,195.56,206,365,76
a6fae722-6d36-4326-be8d-92caa8f1ef85,Technology,Paper,yes,47.27,207,365,56
503e3163-ba87-4e6b-bed1-c8307f456181,Office Supplies,Phones,per,562.9,50,90,5
1d4fd3b5-ea31-4e02-8992-6be0ae477fc1,Technology,Phones,offer,49.25,408,365,86
92633eb8-70bc-4ce5-ab18-46a64287ce27,Office Supplies,Chairs,soon,534.29,239,365,30
9ecca842-8a26-4e10-8155-9738a73dd6c3,Technology,Paper,rock,609.45,66,365,100
5ca47a4d-8174-4bc6-b997-18b6352c5b26,Office Supplies,Accessories,upon,443.41,220,30,85
86507235-e5c5-4dfa-96ac-ccb8102c4d13,Office Supplies,Chairs,eight,848.41,347,90,43
c4618730-777d-4a39-bf9e-53f8ea7f15b5,Furniture,Accessories,alone,693.3,384,365,95
3eb4dd5b-7372-4cbb-9f90-e30c4ae9921c,Technology,Chairs,thousand,340.19,394,30,95
a45b53e5-9ba0-40a2-9bb2-662173bfef75,Furniture,Paper,respond,939.47,169,90,31
715bb64e-6d7b-4198-b289-9484257a106f,Technology,Paper,music,295.09,35,0,36
7257dcac-9825-4dc0-9ce3-b8eb3cfbc8e9,Furniture,Chairs,prove,905.4,400,365,84
a7356d6c-6a57-49d8-a451-260abe54f31d,Office Supplies,Accessories,what,657.73,245,30,91
6d09cf2a-4d05-4554-b00f-7067fbef4e55,Furniture,Paper,imagine,936.46,316,30,64
bf457516-c217-4832-b53d-8a3ca63b54f1,Technology,Chairs,over,456.64,324,0,70
07443320-e1ac-4324-b956-a83e0c75bdb5,Technology,Paper,democratic,804.17,482,30,9
aef9ab6a-024d-40df-b5c0-59b0e3638735,Furniture,Paper,idea,163.8,166,0,13
d3fbee0b-f5b2-4bbd-808a-fbb9836977d8,Furniture,Accessories,test,633.42,231,0,38
ee8d4519-57b2-4a10-b4e7-e90da64d2ec3,Office Supplies,Chairs,serve,400.09,154,0,60
c0ffc9fe-130f-4651-9494-7f70bf8a130b,Office Supplies,Accessories,body,343.67,23,0,47
6785ac6b-84a1-490a-8810-c0b8669de3fe,Office Supplies,Paper,think,14.35,292,0,100
f33f5f85-8c47-44d4-a160-5c759c8ec20b,Furniture,Paper,present,600.43,112,365,72
2769fbba-259f-4a46-80a7-441b6573a210,Technology,Paper,reduce,404.09,406,365,20
2ee925eb-c5a9-49ab-9485-e013491d1c15,Furniture,Phones,structure,264.49,279,30,81
9b8cffba-1b9f-487a-a381-63314471df9c,Office Supplies,Accessories,foot,715.08,241,365,89
c4a15062-020e-4d80-bc92-d45e1fa230f8,Technology,Accessories,call,319.51,33,365,27
ed4c703e-33e6-4146-809a-830685b25ef3,Office Supplies,Paper,his,603.67,239,0,5
402fdc99-2149-4a7b-ac5f-c5bb5ceafa4a,Technology,Paper,mouth,895.31,324,0,24
fc9c5b98-6f5f-4121-adf6-69e09aec5053,Furniture,Accessories,maintain,479.35,413,90,13
869493f4-ba88-4f33-a6fd-ed9534f297d9,Furniture,Paper,dream,931.24,479,365,76
e15a7b18-1866-4c1d-9a2e-7187925d845a,Office Supplies,Paper,individual,648.76,53,0,51
fd20a571-1104-42b8-b057-26a52592853c,Technology,Chairs,later,678.63,149,0,49
e3964403-3e6d-48cf-8aaa-b39176767005,Furniture,Accessories,responsibility,205.05,364,90,62
f0107619-6d05-4362-8472-137e4fc41cbd,Technology,Chairs,cell,82.29,485,30,1
7e26cb6f-3e69-4526-aedb-57adbd663e7a,Furniture,Phones,later,882.3,166,90,2
f5f09fcc-7863-439f-b349-b669e922df00,Office Supplies,Phones,heart,816.13,326,0,2
22448f36-6ef8-430b-9f26-44f7ff2024d2,Technology,Phones,start,696.35,481,90,66
40c58b97-45c4-4195-a745-845ed28a2170,Office Supplies,Chairs,share,724.28,409,0,75
c2d5c2d3-c680-4ec8-a7f8-7f16b029e206,Furniture,Paper,surface,372.74,190,30,26
d308152d-1058-4229-a4ca-92842cb42087,Office Supplies,Paper,bed,335.01,310,365,38
a2f38f28-537c-490b-9336-e1ba707510e7,Office Supplies,Paper,office,426.99,461,365,86
052ee981-4e09-4e63-8a07-55149e400879,Furniture,Paper,never,70.42,434,365,100
101cf856-2508-413e-81cb-1ee0d29d04a8,Technology,Paper,walk,252.9,257,90,55
ddf9f4ed-b10b-423f-bb6f-6f849c20070b,Furniture,Chairs,laugh,912.52,100,0,77
d33a74fe-5ed7-4ee3-8c5e-fccf72f0fdf7,Furniture,Phones,live,188.95,257,30,68
01d80811-5206-4283-9255-9c01ccdcfebb,Office Supplies,Accessories,arrive,729.21,32,30,28
d9e086b1-2368-4131-b881-60e771292921,Furniture,Phones,capital,515.79,500,30,79
d623d1ed-48aa-4eaa-93db-cb4561c20b4a,Furniture,Paper,others,808.97,118,0,87
33ed9195-7332-47fc-9070-65ebf1a52625,Technology,Paper,option,642.28,10,365,45
98414a99-c436-4c8d-9373-cb49d3a6ea11,Technology,Chairs,send,98.56,150,90,95
ea825f24-b1ed-4451-9ba0-428ec78bb2a1,Office Supplies,Chairs,about,315.12,246,30,23
9fca1b30-e479-4244-8ae1-3e84bfdd2716,Technology,Paper,lay,416.47,240,0,81
4a083e22-2a3c-43d7-83db-d49efc6a2d1a,Office Supplies,Chairs,world,564.13,262,30,31
0f401b89-e823-4346-b3da-273d59b81f3c,Office Supplies,Accessories,citizen,616.15,475,365,30
03ee3c41-f6f5-4eb2-b357-e516fd054699,Furniture,Paper,writer,335.17,142,365,92
57dd2b3b-f8d4-4390-8911-bcfd153b0bbb,Furniture,Accessories,education,915.26,489,90,87
62989ff8-b34d-433c-8689-67a6b90f3cf7,Furniture,Chairs,visit,129.26,69,90,65
6f665a13-0d48-42d8-b433-3de89a5ff5f0,Furniture,Paper,society,993.24,203,30,82
900acb00-99af-42d9-9f06-03a9144ba0ee,Office Supplies,Chairs,matter,691.26,288,365,78
ca0adf6a-23eb-4eaf-8873-c29942f2f0ea,Technology,Chairs,officer,491.12,484,0,66
06ee23da-6fc4-4e52-974f-67957910c081,Furniture,Accessories,we,888.23,83,90,78
87616976-bd5f-4168-8a03-6f13c7b92b27,Office Supplies,Accessories,model,83.62,288,365,32
3f08c58a-e91a-48ce-93c0-2e202f88c61c,Furniture,Accessories,certain,226.43,126,0,25
12fb6610-dc4a-445d-b010-e6617ca74ce7,Furniture,Accessories,raise,809.4,345,90,73
0448d545-673e-49c1-a061-9732f2bb124a,Office Supplies,Paper,most,876.05,296,0,6
adc4acaa-c17c-47af-835d-b03d1f126226,Furniture,Paper,he,188.07,451,365,91
99210fd6-f35e-4c43-b836-346db16448da,Furniture,Paper,remain,843.91,112,90,69
8ff4f79d-4932-44b4-ace2-89f53ca28c0c,Furniture,Chairs,might,479.98,120,90,93
51a227f1-b668-4a93-b8f0-f8089fda1cf4,Technology,Chairs,whatever,221.27,236,365,2
49e3baca-f65a-4948-9cc9-3276ea8b938a,Office Supplies,Phones,bill,964.81,184,365,82
90cd5085-0e02-400e-8277-e799c9a26bf6,Furniture,Accessories,factor,648.59,464,30,16
082799fd-b2fc-4d91-a492-fd6b9c3a830f,Office Supplies,Paper,despite,685.82,409,90,32
7d237cae-62bb-428e-a7d0-0cc9a4ae6090,Office Supplies,Phones,activity,275.15,51,0,95
00d26ffc-f3f7-4d29-b62d-32fcf50c0f54,Office Supplies,Chairs,herself,990.96,264,30,18
67fdcc1f-fe0c-4ead-acd5-1bb79187cb52,Furniture,Phones,computer,740.07,96,365,39
eae277b0-53a9-441b-984e-19587eb8b37b,Technology,Chairs,cell,746.65,306,90,15
364de391-64c7-413b-9fc0-fc27bfc8304c,Office Supplies,Chairs,list,195.08,149,30,100
85ba6ea3-6891-4266-87fa-61cf9a6fd2ac,Furniture,Phones,hold,850.36,391,30,64
5c3a3e51-56e2-4e80-846c-f1af74b528bd,Office Supplies,Chairs,former,531.75,368,0,95
04012f94-ac69-4878-a9ed-8bd94c7a3e13,Furniture,Phones,evening,880.54,301,90,55
636ba483-ff5f-4966-ac3e-5dc270e65769,Furniture,Paper,still,488.27,459,30,95
70bce50c-066d-46f6-94e8-b60fec5e6274,Furniture,Phones,risk,319.81,424,30,78
874dbc54-1228-4bf4-a563-e2263a06d8dd,Technology,Phones,left,363.04,259,365,22
cbe0199b-35cf-4fb5-8f4e-0df7342a01ac,Office Supplies,Paper,herself,141.16,354,0,50
e35b1d2f-0ac5-4ad7-baaa-3f00e70b82f2,Technology,Chairs,example,329.52,487,365,12
9652b73f-50b6-459d-a9ed-eefef4161576,Furniture,Paper,Mr,512.92,108,30,50
1528670c-279d-4d10-a24a-84581dda1e9c,Office Supplies,Paper,lay,28.53,490,365,49
89bb8f55-be04-4d1e-9edd-8c1f0ce73aa7,Office Supplies,Phones,notice,946.17,38,0,33
63802fe3-086c-4337-9e3d-3980cc7d6b09,Technology,Accessories,million,601.78,476,90,1
b7da4026-811d-4fd7-9394-59aeef17e3d3,Furniture,Chairs,dark,587.23,114,90,25
1afd36f7-e80c-4ac2-9641-8315ec0cb61d,Furniture,Phones,thing,926.62,179,90,89
5d27f22e-299a-4411-b3c7-0381b323e8df,Furniture,Accessories,fire,399.12,327,365,47
4f1f44bc-b2ae-485f-914f-84bbc3bae8e3,Technology,Chairs,lead,343.77,484,365,14
2e193f48-87f8-4111-8000-fad56243b39c,Office Supplies,Paper,none,662.88,73,365,96
9c96a9c7-a328-4609-8743-3d4ba5d7805c,Furniture,Paper,hot,160.27,144,365,70
bc025d50-bee2-40eb-a6f8-abe78ce96cef,Technology,Phones,administration,492.66,190,365,19
9403cdfd-00a2-4ddf-815e-0eab8bff97b4,Furniture,Chairs,happen,253.83,362,90,23
17ed54b3-11a3-4ce2-84f3-6fece7c01048,Furniture,Chairs,under,108.76,230,365,42
5b717df3-5485-4104-b378-97de88c484fa,Furniture,Accessories,reduce,233.93,53,30,32
d72030b4-7126-405a-a5ea-a573540da986,Technology,Chairs,concern,523.87,98,0,41
2a2fe126-502b-4bcd-891e-a5e33864c34f,Furniture,Phones,its,299.4,72,30,46
e719eb95-3473-4b59-94a5-6cb2c0b410d0,Office Supplies,Chairs,adult,20.62,243,90,89
3cbc744b-e7fa-4ba9-b61d-b0baa28fe774,Furniture,Phones,operation,362.22,76,365,45
2c44e87e-e9bd-4c70-b6ef-f17f660c3756,Technology,Chairs,by,511.88,216,0,20
87660948-dbee-4b1a-9d50-d0eb6165dfb9,Furniture,Chairs,culture,68.56,123,90,78
442bc322-3be8-469e-a80a-e6e1517d1b9f,Office Supplies,Accessories,challenge,385.2,497,30,13
7156216f-10e4-4afd-9c96-78ef150fb0fc,Furniture,Accessories,unit,857.57,164,90,1
460f1ce9-7d82-4e15-9900-438160e1616c,Technology,Accessories,sea,973.01,13,90,97
19058a52-1e69-4d6a-b264-846d440eae51,Technology,Accessories,dark,993.95,63,365,96
bec679b6-7c50-4d7a-af50-d5d65ee0a4cc,Technology,Phones,film,272.11,264,0,26
50fdf544-5631-449b-8ec7-ac0b649ca980,Furniture,Chairs,until,783.82,189,0,57
886ac092-3f87-4854-9f32-72297b1dabc8,Furniture,Chairs,point,53.0,488,0,69
8ff39d32-2585-4ab6-889d-ccbccc6851fd,Furniture,Chairs,past,464.14,79,30,41
91fd0cab-059c-4958-95fe-16b2b3109800,Technology,Accessories,answer,934.4,233,30,75
838e5847-b22d-4a9e-b907-963caac5f40f,Furniture,Paper,age,279.29,21,365,30
e0acc825-6675-495f-8817-0e3cb7e523fe,Office Supplies,Phones,sit,270.06,118,0,70
ce60e6e4-3baa-4962-b9e8-d6ca9c8a4337,Technology,Chairs,meet,65.93,242,30,48
c7e62e67-9c20-4f8d-99cb-8a12e901777c,Furniture,Accessories,ready,450.3,459,0,83
290f5d16-9652-4c6c-bd40-6eb29bd932d8,Technology,Chairs,talk,302.04,491,30,38
acc626fc-fe54-44eb-95d1-b6c2ebee08bc,Office Supplies,Chairs,eight,632.01,209,30,91
57a30352-7af0-4958-86bc-7f897659d854,Office Supplies,Paper,right,260.17,199,365,49
f9a3d715-cf43-4b31-afd6-2d618958a0d8,Furniture,Accessories,sound,549.75,209,90,14
7b0d0afe-2c75-4428-99ae-fcf16b3129b9,Technology,Accessories,whatever,269.91,147,90,74
f8dffc4d-d812-46b5-b028-eb1d57aaad06,Furniture,Chairs,allow,754.65,286,30,9
14b62a80-d480-4385-a703-40380a0f9461,Technology,Accessories,moment,504.61,202,90,69
f75f1516-a4a0-4453-95f2-6380c37d08ba,Furniture,Accessories,family,692.77,131,365,40
413738d3-c186-40a7-b088-5bcfa98620ea,Office Supplies,Paper,bad,786.5,470,90,73
d0d355ba-b9d0-401a-b68f-6e534e409600,Technology,Phones,that,369.13,109,365,28
198ace2e-2e2e-4e17-8218-e365668607ce,Office Supplies,Chairs,light,748.61,243,365,8
d8485e47-5c74-4c4c-9ecf-e58e735646c2,Furniture,Accessories,charge,86.08,196,0,55
f6922580-a46a-4946-aa13-7d3bf358083f,Office Supplies,Chairs,body,598.82,269,0,52
b6ad1f68-a7cd-4364-8515-dadc8a7f8924,Technology,Accessories,cup,626.96,78,0,45
ecc2e3f2-b45d-470d-bd97-0708b2e57492,Office Supplies,Paper,chance,630.76,44,90,46
21871797-9de6-48cf-92f5-570e20605313,Furniture,Phones,dream,902.02,194,0,17
e5766721-379f-41a0-a2ee-f907dd7eb507,Office Supplies,Paper,right,54.72,192,0,85
0b5ff980-2fc6-4128-a9ab-8f9956a44696,Technology,Accessories,really,553.6,78,90,87
6f312fe2-a365-4db9-b2b9-685ffdbf90c7,Technology,Chairs,current,395.54,179,0,65
6cc58f35-b6dd-4cc1-b8fb-4ce2488ad92c,Office Supplies,Phones,I,818.19,251,365,6
5fa6013a-0587-4137-81d9-56003528ca94,Office Supplies,Phones,occur,649.3,390,365,77
c9ac3a3f-a4d5-4c03-bd5a-f3bc244aec5c,Technology,Chairs,leg,147.74,168,0,81
2191e97f-a07e-4a03-9788-8f5de28ef0df,Office Supplies,Paper,vote,482.8,453,0,29
901f0b11-e4fc-42a1-bf95-5a947fb79e7a,Office Supplies,Phones,yes,18.32,107,90,3
265b4261-9712-42c9-99e0-9c1d4e616361,Technology,Accessories,store,820.03,352,0,100
b4e56070-c72e-46ae-9c29-1d6156ba68e9,Furniture,Paper,agreement,817.73,361,90,30
43d9f671-bdef-44b4-a300-eb4903dc1b9b,Office Supplies,Accessories,understand,255.82,366,365,30
5039c76f-de7d-4121-b323-20bb3c00b4be,Office Supplies,Chairs,director,587.52,217,0,7
662ca92e-d79c-43b3-afa7-2f6d26b9df25,Furniture,Phones,here,222.31,225,365,97
ae5fcbc9-c522-489a-9e7a-ae688d1316ba,Office Supplies,Accessories,behind,498.53,100,30,4
0ee0da2f-5adb-4932-94e4-130075cf0135,Furniture,Paper,difference,587.33,60,90,2
cf5f5170-f9b4-4f91-b665-3a5ca1b6e4f1,Office Supplies,Paper,kitchen,201.97,240,30,77
72236e54-7ecc-4dd0-b047-9a6e43cad1ca,Furniture,Chairs,bad,780.8,490,365,57
4fb2be5c-a2ae-4be3-b1d6-7b033e633dda,Furniture,Chairs,resource,654.37,258,0,34
6e708edb-5e64-4cfc-94da-43fdaf1d0eba,Technology,Phones,religious,95.85,323,365,71
ebd91469-f7e8-4f3c-bce7-184a1f07fc7e,Office Supplies,Accessories,huge,731.63,448,30,56
dea0c2a3-e13d-4ec1-bb0b-28d8219d3121,Office Supplies,Chairs,others,149.15,260,30,88
2c3b7d9c-7733-4272-9832-c7f7920ae9dc,Technology,Accessories,wall,204.8,276,0,18
a56e6848-be4c-4a4b-8a35-b071b993744c,Office Supplies,Paper,one,84.03,330,0,16
8aee713d-b5f2-48c0-a26f-7a32f016c4b7,Office Supplies,Accessories,unit,928.71,485,0,17
40b59ab6-51e4-491e-bb5d-3ca936d00eab,Furniture,Phones,community,776.14,429,90,75
936c0e8a-66d1-4619-9c21-94eed25a7755,Office Supplies,Chairs,hospital,799.67,326,90,81
4f5b3834-3944-4840-bb19-ff9b39ccb7d1,Furniture,Paper,begin,307.31,282,90,8
8f1a8701-69d8-4245-a224-3d864c79a13e,Office Supplies,Chairs,when,736.28,498,30,22
f500f890-49dc-4a54-b385-6427929f9ec6,Furniture,Accessories,large,693.89,331,90,14
9981202c-6af4-4427-833c-7dd6e63fcdf6,Furniture,Chairs,remain,756.51,128,365,30
d75e711d-6d8c-458c-9402-a18dfe95a936,Office Supplies,Chairs,stay,763.83,189,365,3
e1780334-e045-4583-b30c-ade496841e1b,Office Supplies,Paper,response,460.17,490,90,73
779c508e-2e6b-495b-9378-cc38d5e2e2a3,Technology,Chairs,environment,988.58,484,30,35
b465d249-1ff7-4a8f-8b0e-71f61d0ba297,Office Supplies,Accessories,prepare,436.77,319,365,33
77e08fc6-04fd-4ee3-a8a3-9edc65c3337a,Furniture,Phones,everyone,652.13,160,30,25
f5db1cef-e356-45aa-a927-6411f13a1545,Technology,Paper,our,966.02,355,30,14
4db296f5-105e-44b2-961a-b08e92539d1d,Technology,Phones,occur,109.11,173,90,91
e4023134-37af-443d-8659-6d5df170507d,Furniture,Phones,anything,934.8,19,0,55
1bc1daf3-501a-40c1-bad0-1ff53fee9869,Furniture,Chairs,major,249.78,230,90,80
f3f7c671-d602-4067-b027-74a6ad597f94,Office Supplies,Paper,red,753.01,479,30,90
fca635e7-3db0-4bda-a4da-b7b4aa69ed75,Office Supplies,Paper,yet,343.12,433,30,90
94e2aecc-b871-488e-a02f-affcf30830ce,Technology,Phones,really,76.85,143,365,85
9ff3b33b-93a2-4a94-bab5-b26b0a8d9354,Furniture,Phones,number,363.01,186,0,8
d174d362-17da-4df5-a7e2-3cf6cf003d35,Technology,Chairs,enter,690.72,180,90,23
ef7843fc-c1c6-4385-a711-eeee3b932337,Office Supplies,Paper,skin,82.95,438,90,74
23dddf9f-78a7-4007-b56f-b9561599c887,Office Supplies,Chairs,professor,981.19,412,30,51
d723f126-9afe-494e-a101-1a6c2a2f9b75,Office Supplies,Chairs,thought,685.67,274,30,60
c6b1c489-c28e-4069-9f71-2807b4ebd685,Furniture,Paper,change,334.93,474,365,43
c7776091-af81-42da-9dc5-173147f17293,Technology,Chairs,moment,535.14,45,90,12
0699a9ba-b51f-46d2-b8ae-8ca9759b64ac,Office Supplies,Paper,social,50.78,500,0,91
097739ef-70a3-448c-87dc-a46691e98fdb,Technology,Chairs,PM,91.88,151,30,68
0b3a784c-b65f-40be-bee6-c085751789ec,Furniture,Chairs,history,417.09,287,0,92
222103d9-9fdd-4c04-aa1f-fbfb25fe64c9,Office Supplies,Chairs,can,704.28,316,0,35
321b4b73-4386-4f3b-8014-ea07cd421fdb,Furniture,Chairs,war,460.27,156,365,16
c7f83fe0-8f6f-4b55-b96f-15b7f6e0c7ea,Furniture,Accessories,free,264.83,412,0,39
67676099-bfde-465c-acaa-e75bea2ad913,Furniture,Paper,probably,321.7,326,90,61
212f506d-2892-4dd5-9121-15715a067d46,Office Supplies,Accessories,force,454.2,328,0,100
2262086a-67c9-48df-ae15-fd34a9de6193,Technology,Accessories,couple,493.32,206,0,41
b2b538d4-5057-404b-bc56-dd2743c18e5d,Furniture,Paper,yet,17.71,205,0,6
4a649650-0d63-414c-b004-45d7b13d2ee2,Office Supplies,Accessories,maintain,873.66,268,365,6
943a7a2b-ecbf-4d08-b222-ce4315a3a63f,Furniture,Chairs,they,767.42,91,90,20
444f1f71-0448-438b-abe7-20d83cfd50a9,Office Supplies,Phones,break,501.91,115,365,28
b5ddd745-4441-4f62-a1a6-6f46949e68bb,Office Supplies,Accessories,reach,401.29,297,365,9
3adf2df1-d438-4cc6-9884-bd00585cc111,Furniture,Chairs,price,847.72,242,0,61
0c4ccf20-bb16-4ef3-bfb8-618a241d4279,Technology,Chairs,leg,61.35,456,90,26
9be210e3-74de-4d3d-9ccb-ed108cf7b857,Office Supplies,Paper,over,945.1,249,30,2
922a795a-266f-41a4-b5b3-3012a8bdcf5a,Furniture,Chairs,put,438.48,489,0,36
5c765e46-a8b5-4c1a-9798-aef296e26bc8,Furniture,Phones,serious,218.65,30,365,98
ff10f5c9-bb30-4a1f-b790-2ed1232db523,Technology,Paper,standard,519.75,484,30,60
3afedcb7-48db-4d1b-b3ae-22ed4776ba93,Furniture,Phones,seven,574.67,147,0,56
a48381dc-3b4d-4e5b-82a5-e91e6afc6b5a,Furniture,Accessories,do,965.61,150,30,46
8749ad04-7b78-4c9e-980e-4da8ad85ae19,Furniture,Paper,generation,827.41,303,365,50
6b14600e-8a3d-45bf-b3c8-f68b54371712,Furniture,Chairs,certainly,142.41,305,0,81
17e0963e-65e1-4963-aeb3-938981bb941d,Furniture,Accessories,stay,622.49,65,0,74
378d31ff-4262-45f7-880d-d2a954055c64,Technology,Accessories,beautiful,641.57,92,30,95
bb53726d-ddf2-4d4f-a362-25c447e5b121,Furniture,Phones,perform,858.0,150,0,39
5b45d2f9-3888-4313-a99f-6cfbfbecb6ed,Technology,Chairs,model,882.81,402,30,86
970eadb5-0040-488c-820f-fcea85018e06,Office Supplies,Phones,walk,447.25,194,30,20
0f5a9547-bef0-4cc6-85ae-ee819b4e3dc1,Technology,Accessories,statement,517.58,340,365,16
8601877c-5421-4d75-8223-3fb41b4b62bd,Office Supplies,Chairs,reflect,637.14,60,30,7
a04c7e99-80b7-403f-9c19-517ec0840e61,Office Supplies,Chairs,indeed,444.32,222,30,18
d9129c7f-37b3-4373-8300-a7331d3e7d7e,Furniture,Accessories,early,274.1,47,30,55
58742e01-567b-4e7c-a03c-86f73d4f8b06,Furniture,Accessories,spring,604.74,255,0,82
18dedc3a-2cf0-4155-9ee2-8a0740663ae8,Technology,Paper,individual,527.93,325,90,94
f0b251bb-869b-4bb0-9a56-b4d24c1ec548,Technology,Paper,building,267.13,435,90,63
323b2b68-71b8-46f8-ae92-e04ad52a000f,Furniture,Paper,go,63.79,81,0,19
24ebbeb9-f358-4436-b3a0-5c28060fa7ea,Furniture,Chairs,tend,415.8,189,365,44
c68a8888-09a1-40d1-b3fd-ce182fcc3791,Technology,Chairs,bring,595.36,241,0,42
6c10f525-843e-4717-ad7c-1bd1f1b5a474,Office Supplies,Chairs,senior,622.93,363,365,73
d70e148e-6de5-4ce5-a9b3-d351d1c97055,Furniture,Paper,in,855.88,394,365,42
3707e8d7-25c6-47c6-83de-85b3bae6452f,Technology,Accessories,tonight,899.61,145,365,9
4eb8cd5d-c05c-4c59-8666-f40a7ab219c4,Office Supplies,Accessories,discover,556.53,423,30,74
8efc3a34-d46b-41c4-b39e-50c6c348a4d7,Furniture,Phones,home,870.99,397,365,3
b8034510-3334-45f6-a5bd-f3d32ca62142,Furniture,Chairs,situation,781.79,293,30,65
e183af58-4f84-4bf5-a072-dd39f3c44d25,Furniture,Paper,record,568.92,185,90,92
4f3acf83-f8da-4490-a244-b507e494274c,Technology,Phones,collection,474.72,173,30,47
37ac6ace-b13a-437a-8c10-5f1354b6dee1,Technology,Paper,leave,86.03,54,0,13
6c1f26af-1e45-4d91-990d-8346fd35d886,Office Supplies,Phones,physical,554.85,62,365,24
d384f9d0-0ee0-4b73-b9df-66cddecd5c00,Furniture,Phones,over,652.74,406,0,33
33417def-e5cd-485c-b306-236df19ca4b6,Technology,Chairs,computer,548.6,416,30,25
de28574d-66b0-49a0-83c0-ab6b27370ad9,Technology,Phones,father,763.39,393,30,99
0ba8fea3-4e9c-43da-b260-b1c5d6ecb7eb,Office Supplies,Chairs,job,100.2,114,90,3
f07dc236-95a0-4877-8a71-955330d76757,Office Supplies,Paper,benefit,548.7,459,30,85
a7185ab1-4a00-4491-8a78-c5ec98c99296,Furniture,Phones,strategy,812.56,312,90,70
39ab256b-3f68-435e-9d81-0ecea291d782,Office Supplies,Chairs,end,427.97,391,30,38
bf1b0581-de05-4ccd-afc9-78445dcfeb7b,Furniture,Chairs,environment,206.93,52,0,31
be471f24-51c9-42ec-997d-ce892e2faa90,Technology,Phones,kind,250.23,101,30,28
d5ef9997-9823-40a9-993d-ee66bb1aeb11,Office Supplies,Chairs,put,331.28,474,0,64
9af92d1b-16ec-4122-8d19-b3c4994c6ce0,Furniture,Chairs,build,388.82,103,90,10
0d205d1a-cbc3-476e-8078-09dc22781bdf,Technology,Phones,gun,566.88,52,90,70
581740d9-240d-4096-9e79-9f280daecaf3,Technology,Paper,purpose,619.87,476,90,37
3f3863ad-cb1a-40a5-b9c5-aaf18c9e0a62,Furniture,Chairs,again,232.88,334,0,20
e5301561-d0b3-4a82-909c-cd2450601dfb,Technology,Chairs,control,550.55,230,90,88
9b50ca61-6dbc-4679-bb9c-05268b90b314,Furniture,Paper,threat,753.57,43,30,97
f7c49fc2-3d83-4ada-b8c9-abeb7d1fb61b,Office Supplies,Accessories,always,889.96,77,90,45
df354ffd-01cf-422e-bfa8-627d94fa2ea6,Technology,Accessories,cause,261.97,147,90,10
827d8a81-bb49-4a2b-a36a-e2be343054de,Furniture,Accessories,executive,765.92,170,365,78
c60ee969-1584-495d-99a5-8f34a24833ac,Office Supplies,Accessories,call,731.93,403,0,89
05bd6b6c-501b-4a42-9b26-05fcc25a08dc,Office Supplies,Chairs,TV,541.43,350,365,29
e8da6289-63cf-4b72-b396-c7843ebe0a97,Office Supplies,Chairs,very,398.29,123,30,83
a44d718e-03fb-4e40-95aa-e0cef7427cbc,Technology,Chairs,visit,769.91,338,0,29
8e690d51-226c-41d1-bdea-9ace6c1a93f4,Technology,Phones,beautiful,86.91,177,0,84
8dfdcf7f-ac29-4ec3-9beb-1680162d6701,Technology,Paper,kitchen,182.54,240,90,73
427f9313-482a-418e-83de-16038c2d70f1,Technology,Chairs,medical,503.35,164,365,17
8cd12c58-e69a-47a0-a581-2e8abd3af9a3,Furniture,Phones,explain,832.98,486,90,28
cf3b0e06-7b91-4619-a701-d09e1fb2b655,Technology,Paper,draw,374.25,221,90,47
1e9f1f9c-93ba-4073-9ee4-ca94fe1ce209,Technology,Chairs,represent,706.65,449,30,99
94406413-48bd-447e-abae-bbc789a747c0,Furniture,Paper,bed,189.43,170,90,28
b6ee7848-2a0b-4783-ab5b-166f9ecf8273,Office Supplies,Phones,bank,875.65,327,0,63
583ea69c-4922-4892-aa91-dd1894ddcb42,Furniture,Chairs,big,62.49,112,365,10
ba56834d-9929-4589-be0c-af26e48bf2b0,Office Supplies,Paper,he,26.7,318,365,28
0c988e7f-9ca6-4be6-8b87-e5b5ad0f04e1,Furniture,Paper,sign,170.92,405,0,79
93f30110-06d3-4c71-a99f-0215a17322de,Technology,Phones,office,954.1,96,30,14
6599177a-8a0a-4879-a7d3-16c9cdd136c1,Technology,Paper,unit,231.91,141,365,51
bb9b7ad5-3359-4dc4-a170-651cec91f5d3,Technology,Accessories,argue,966.82,169,30,72
44adf3e0-650b-47d1-8803-fb2dab75eb20,Furniture,Phones,official,286.36,322,30,2
07996909-4553-4d91-870a-b6602e71af1d,Office Supplies,Accessories,great,963.65,111,365,20
ca29b1da-28d0-4c1c-96ab-46bf5ed37b73,Technology,Phones,position,622.72,457,90,66
9ea5d278-6f57-438b-9a52-28e25792d653,Technology,Chairs,tree,174.56,156,90,90
4d2c64bc-5d4d-49be-aa42-af0d60bba0d1,Office Supplies,Chairs,federal,527.2,266,0,63
2d54c7aa-f85c-4eb2-bba4-045d2067fca8,Technology,Accessories,little,519.22,201,0,81
80f003db-7ca0-42ba-81c3-d573925f5258,Furniture,Phones,attention,933.92,345,90,2
9bf00cb4-32d4-444b-a8e0-01aa104c9a75,Furniture,Phones,school,96.3,483,0,67
2f98126d-d99e-433c-b230-e24d0054ca20,Furniture,Phones,country,117.65,267,90,50
e93251fc-bc24-4850-b7e4-345d19a9c6ca,Furniture,Accessories,current,29.95,485,90,81
a59f0f1e-ecec-4ba1-b09d-2495e1a6d972,Technology,Accessories,record,264.89,175,90,64
feedf63a-bd6d-43cb-b50b-834e8113c950,Furniture,Chairs,to,587.79,22,365,30
a010c72b-9c48-4d74-bfa4-979afee7f035,Office Supplies,Chairs,human,390.47,189,365,87
a8d954e3-4e5a-4489-9134-d7f107f3f24a,Furniture,Paper,idea,699.99,123,90,36
e364873d-f188-467b-9266-6a80babef320,Technology,Phones,teach,647.73,19,30,99
b5b90e46-3998-4078-bf2f-4f4313096f4c,Technology,Paper,politics,446.04,170,30,85
c1e68d2f-1e3c-4461-8082-62bb7f63fd60,Technology,Paper,our,711.35,231,0,88
68b0d126-a37f-4eff-850f-34d776d525da,Furniture,Accessories,population,20.69,17,90,54
8a3cf4c5-4179-48fd-bcea-b42a5e827d18,Office Supplies,Accessories,thank,469.3,220,0,59
2526d565-cb48-409a-bbf7-5a3e442938ab,Technology,Chairs,as,304.77,261,30,18
06bcae8c-b27f-42f9-8db7-a09ce827cf6b,Office Supplies,Phones,street,728.92,84,365,88
a6255dc9-57a5-4019-b11a-198f02e316b1,Office Supplies,Paper,whole,344.12,226,0,76
f2c5c5e5-d56b-4b44-ba98-e58d269ae8a0,Technology,Phones,black,401.83,220,90,88
27322cc3-44c2-43e0-bffb-e6ada19f2d93,Office Supplies,Chairs,four,83.61,248,30,100
ae871165-3761-4d6f-9a28-0fb4d4167e76,Technology,Chairs,move,564.2,119,30,70
d8f70863-a46b-4f8f-8ce2-5a7cf6dda92a,Office Supplies,Paper,write,540.72,153,0,26
f4991206-1d53-4d61-ad0d-d9bd476a0a6a,Technology,Accessories,leg,29.05,329,90,93
46691661-81fe-4ba6-befb-135c53612764,Furniture,Phones,result,558.37,218,0,95
d336b5ee-e197-48f4-973b-c9020dd46f3e,Technology,Phones,clear,967.13,366,0,99
75a3a864-b3a3-40a0-b244-61cb3baed99c,Technology,Accessories,military,191.08,498,0,96
5fe2418f-ba3a-4747-b4ab-2f6d8f41f787,Furniture,Phones,factor,14.49,192,0,97
8abe123b-cecc-4371-814d-33a96c225c89,Office Supplies,Chairs,same,113.43,312,0,29
7113c4d5-e957-4366-b71b-a6a90295754f,Office Supplies,Accessories,card,786.51,66,30,17
c73ed4be-010d-4819-8dd0-cec6d16c0c58,Office Supplies,Chairs,boy,388.7,439,90,13
56161457-0f4b-4e6c-9a08-997eea6f8c40,Furniture,Accessories,nothing,205.76,459,0,22
ead541e6-f8b9-4b7f-a8d7-184639180fe0,Office Supplies,Paper,investment,440.6,153,0,84
69222e9c-cc9b-42ef-b991-be20fea52a50,Technology,Accessories,side,560.3,90,30,88
21b44d29-c43a-429c-bcb6-02895788bc2e,Furniture,Chairs,product,559.17,42,90,32
e634486e-07c9-49a1-9926-e131fb31069c,Furniture,Phones,south,77.74,296,365,62
4434ca03-1de6-4f3d-849a-148e914c1aef,Furniture,Accessories,glass,689.7,190,90,43
39e40e1f-cfa6-4e38-802d-c7923f708f17,Furniture,Accessories,grow,793.4,178,365,7
3f6751dc-847f-448e-b6e5-e7f34829bfd7,Furniture,Accessories,painting,649.33,251,90,58
b52edaf0-3468-4149-bcdd-0b5bc417c396,Technology,Phones,drive,389.31,27,90,28
8ae89eaf-2462-4d7c-928b-0bd5f445d0ac,Technology,Paper,however,622.35,310,0,11
13a6b5ce-6178-4aaf-a280-6d06443eb177,Furniture,Chairs,wait,559.47,365,0,42
73b48495-d6a4-4d3d-98b3-03ffb7d8aade,Furniture,Phones,American,765.95,268,30,50
b3022332-4446-4f9b-82d1-c08ba0b002ff,Furniture,Paper,town,741.1,453,90,83
c03f74d5-3a4c-4630-b44c-cf28e0673627,Technology,Accessories,large,337.03,249,0,41
992dd866-c68d-4f5a-8a6c-b6efb9ec7707,Office Supplies,Chairs,according,464.14,262,30,69
1e826ca0-f515-4298-b0da-23d8cbcb431d,Technology,Phones,important,514.6,15,90,20
c4cfb665-d207-4d50-97d1-5e1513b4c786,Office Supplies,Phones,opportunity,541.14,114,365,82
2b6d5937-4475-4a11-8485-73b58a802c97,Technology,Accessories,hundred,125.17,125,30,39
dbf27dc6-7e83-4a05-b526-03828da0fa5b,Office Supplies,Paper,inside,660.93,288,365,19
8e261cad-c98c-4d0e-a3c4-0262e80fde19,Office Supplies,Chairs,choose,107.14,62,90,20
c796bb8d-071d-4a34-8816-ffd881bb45a8,Furniture,Paper,law,549.05,226,365,79
3d42baad-fe71-43ac-864e-debd35ebfec0,Technology,Phones,probably,407.4,101,365,25
d9fd2be7-d14c-4f99-907f-060a11a76c7b,Office Supplies,Phones,around,86.05,42,30,56
bf5a4913-e4ab-46d1-90b6-792c419b2c83,Furniture,Paper,sell,310.51,137,30,5
85668408-fc60-4be9-a244-b165734b1e55,Furniture,Paper,financial,451.45,324,0,52
9f927f76-276d-44f7-8952-357dd20e3b3b,Furniture,Accessories,right,399.87,140,30,19
1c64ace6-730c-4697-bbc3-57e1f8e49124,Technology,Paper,question,525.3,127,0,79
c053ee15-b4a8-433f-8ac6-8db717045dc5,Technology,Chairs,beautiful,351.53,50,90,63
175d0d69-b6db-4b64-b470-e56135a6e6d5,Office Supplies,Accessories,positive,213.17,250,365,65
c0110458-1828-45b2-8fa4-5933404f133e,Technology,Paper,away,282.35,243,90,88
43a8ca96-9a55-4565-884c-ece78bbdcba0,Technology,Accessories,beat,799.84,32,0,1
85b331e9-f5ad-4628-b63c-56ab20da1024,Furniture,Phones,amount,438.87,373,0,25
470c9368-95da-4d7c-a2b6-b4995ab0f429,Office Supplies,Accessories,difficult,380.3,35,30,16
7a01aaab-3118-4757-98e2-06126a620b51,Office Supplies,Chairs,very,212.23,268,30,1
44c03d28-9487-467d-b0b5-bdab97da001a,Furniture,Accessories,night,455.61,218,365,71
0dc439c5-65d8-4dbf-9b0e-33c14aa5bd27,Technology,Phones,or,638.31,159,30,27
69e94e94-0c1c-4f88-bab7-20cb2f6bb633,Technology,Accessories,reality,642.52,478,30,69
50147eb5-47c2-47df-a58e-f36b64bbd8cf,Technology,Accessories,garden,158.95,378,0,18
44d6945b-6b58-4b6f-b1e3-c2630e295f8b,Furniture,Accessories,matter,190.82,269,0,95
b931baae-044d-4f0a-8c14-c35f0cb1fb97,Office Supplies,Phones,agree,994.25,298,0,30
6fce515c-f581-4624-b5aa-681b1f23a7bb,Furniture,Phones,occur,875.46,74,90,55
8b8b968e-e8d2-4d1f-b5fe-21aaa89b3d9b,Office Supplies,Chairs,government,575.14,34,30,12
ff3b0846-639c-4723-885f-35d9318a2e5f,Office Supplies,Accessories,too,971.94,101,0,1
57da0db6-69d4-442a-a529-39a75bbe3653,Furniture,Accessories,as,828.21,44,0,71
7b989384-1f1a-402c-81dc-0ec694db5d86,Furniture,Phones,difficult,296.25,473,365,80
595a9140-3943-4825-8f3b-15300cd9f77e,Office Supplies,Chairs,write,530.24,144,365,3
ca38680a-1905-4afd-b3fc-0ffe5d4a5e63,Furniture,Paper,determine,25.57,214,90,75
e62327dc-c3f6-4474-b14a-a5c52c10a6b5,Furniture,Paper,over,348.21,361,90,53
f3fb9ca7-f0ce-4534-b4aa-5d6a74795d50,Technology,Chairs,building,974.5,133,365,19
f8952bbc-7705-4db8-a62b-b7dba276e891,Furniture,Chairs,simple,775.92,280,90,54
4c889bd1-5f81-4b3d-a8a9-71a58742109e,Furniture,Accessories,worry,111.97,162,30,81
be2bb5a1-fefc-4ad9-968e-2ef99eef5307,Furniture,Phones,do,742.3,192,90,48
22835c7d-0165-496d-a573-a682d9316288,Technology,Paper,cut,920.26,411,365,24
c7cb1316-bedf-4ab3-96e5-6f035c4068e2,Office Supplies,Paper,body,373.77,484,90,94
e38da555-0a2b-47e8-bd2d-213100532923,Office Supplies,Accessories,data,861.47,126,90,79
3486a1b4-ed54-46c4-b5ae-5bb42c862f38,Technology,Phones,air,543.07,271,30,52
9f278d40-2004-4e9d-8536-f10b5aeeb0bd,Technology,Chairs,edge,224.28,461,0,83
d91829fe-9572-4f62-b96f-def84fbce233,Office Supplies,Chairs,lead,562.3,201,0,67
cd039e23-4c44-4b21-90dc-f75e8d44757b,Office Supplies,Phones,matter,498.14,488,90,94
1adb4cac-3cda-42ad-9a6d-bbbc4bbde0b7,Office Supplies,Accessories,thought,375.8,207,90,37
8e9402b7-92bc-4fe3-8ebf-1344ae51c188,Office Supplies,Chairs,customer,780.34,116,365,87
88b6a0ec-4665-462c-a2e4-ecf97f28272f,Office Supplies,Paper,technology,174.13,294,365,95
ad50ba85-40cb-4b8d-91b0-af2d4aaff3d0,Technology,Paper,consider,81.17,176,0,77
7b3af74a-1071-4c07-8836-2e656ac0fbcf,Office Supplies,Chairs,her,218.4,151,0,48
276a278a-5cf3-47b4-815e-70f57aae004e,Furniture,Phones,the,185.52,80,0,33
dbf47798-1c49-4094-8514-a94dbf0511c0,Office Supplies,Phones,American,286.06,16,30,56
a2fc6146-21c7-478a-a951-6dc70f2cf2df,Furniture,Phones,much,147.46,370,30,27
7259f0c1-6adc-4a4c-9aa2-dd7d23174281,Office Supplies,Phones,explain,632.64,61,30,78
813c265a-4a6c-4d9b-afaf-e14d412da00f,Office Supplies,Accessories,across,590.7,305,30,26
f8164b9f-737f-481a-a6d6-eed46d443b1b,Technology,Accessories,school,492.16,264,0,1
2b454e8d-4600-420a-bc18-03ca382c3d80,Technology,Accessories,during,512.27,291,365,56
1026dcf6-d98f-4961-a920-92cd54aeacf2,Furniture,Chairs,owner,232.36,165,30,25
9c572180-62eb-4c1b-b376-96f930a1f322,Furniture,Chairs,share,58.26,67,30,75
8dab958b-0352-416c-a243-3e5d9ccf6cf3,Furniture,Paper,tree,321.89,45,30,91
e10bfe67-4b33-4682-b996-4086ab9d1690,Office Supplies,Phones,feel,603.09,225,90,24
2197ae68-0442-4a81-937f-9899758c46a9,Office Supplies,Chairs,how,548.34,296,30,52
0ddd0cdf-08fb-408c-9595-425bb5ecd322,Office Supplies,Phones,hot,230.71,452,365,26
725b9096-6c4c-4e57-82bf-8a6f24a79b08,Technology,Paper,tree,49.38,275,30,22
89ee4067-47b4-4b6c-b15a-ec4cb10f6363,Office Supplies,Paper,father,761.24,262,365,9
84e8b420-08f3-46fd-9b4f-eb5ff83809ef,Technology,Chairs,Congress,164.52,430,90,85
814b0a17-f0d3-45c1-9b16-e047c788218d,Office Supplies,Phones,beautiful,252.29,395,30,77
50dcc0c5-a37d-42f3-8561-3fab51b429d7,Furniture,Paper,school,686.84,50,30,98
0d796bb6-47d3-4056-8997-70ac343423c2,Technology,Accessories,top,844.17,437,90,37
473de0e7-67f6-49ff-8b0c-1da1aeabf7da,Technology,Accessories,floor,594.32,258,365,72
db9f67f4-6bdf-4211-8e9c-adceeca9a7a9,Technology,Phones,card,529.4,207,0,18
dbdf8cd7-ed66-4d00-86ac-0f4499fd0bbc,Office Supplies,Paper,us,142.04,397,365,10
9a224ad5-e225-48c9-a097-f82f54d9f577,Office Supplies,Paper,official,77.43,294,365,82
300d111e-8145-4cb6-bb8e-5ad8b1516f9a,Technology,Phones,hair,641.33,78,30,68
fe7e7f60-20a1-4737-9663-286d12e60491,Furniture,Phones,agree,707.76,83,30,80
6fb829d2-56e4-43ff-b32f-ca9f38c1ff0f,Technology,Paper,we,992.66,190,0,58
3a899ecf-ea94-4b12-8636-c8ad56c4e9e6,Technology,Accessories,word,443.48,343,365,34
764af8ad-0d6e-47f9-b0e4-963e52cd36c5,Office Supplies,Phones,set,588.52,438,30,24
464f8e68-fd18-4974-ba5e-bb1b72429098,Furniture,Paper,large,836.57,469,0,36
1a8d5c4c-cc6e-4d74-9afd-057faaa76e1f,Technology,Paper,though,269.93,350,90,94
6cd8e74c-b7f4-4678-bb25-b70b7ae8d699,Office Supplies,Phones,or,268.07,310,0,21
9a3acd0a-b3eb-430e-93be-f6557180bafc,Furniture,Accessories,after,647.22,66,0,66
3183190c-e57c-44e9-86b1-5f3133654dbf,Technology,Accessories,town,129.28,148,30,63
c74ab906-29e8-48c4-8e37-ac74eff8a0a3,Furniture,Phones,increase,669.03,267,365,32
888e4238-8391-4080-8f7a-eb9f7781587f,Furniture,Accessories,field,868.4,480,365,16
f0f86779-dbba-44ab-9387-859a001bddbd,Furniture,Chairs,score,998.16,247,30,53
ae9836fe-8e29-41c3-98b1-8db8a5e58fa7,Office Supplies,Phones,detail,704.66,495,0,59
0eab9df0-5363-49db-8a68-fca0fda0490d,Technology,Phones,society,628.33,234,90,44
f484fe9a-6db7-4682-99d8-2781ab7a9977,Technology,Paper,those,506.54,257,365,78
e12e86fa-5640-4990-a1e9-d4555666d3ac,Furniture,Accessories,sit,820.61,268,90,45
fbb72bf5-e4ac-4981-b4c7-b0ed9772bd4a,Technology,Chairs,language,728.34,254,365,96
647b64de-a087-4859-8d4c-d77f37013b01,Furniture,Accessories,cell,496.44,226,90,31
f0122d33-b3ac-4fdb-831b-988492cbd3b9,Technology,Chairs,view,793.53,38,365,19
77ae8731-59e4-4d76-aa8b-8afb272c2b28,Furniture,Phones,represent,439.51,338,30,17
4319bc7c-53c1-4bd8-83a6-8685f1d85db4,Office Supplies,Chairs,after,494.51,82,30,11
d0213558-c479-43e7-9c35-94e5191074fd,Furniture,Paper,car,128.52,75,30,24
4f2648fd-bb8a-4851-9cd1-34f58ea80f68,Office Supplies,Chairs,support,348.55,82,90,67
7e42fc7e-3c88-4ecb-87d2-55588873fce4,Furniture,Phones,other,760.64,65,90,8
81f23636-ef06-4679-bedd-86c03b31c484,Office Supplies,Phones,or,617.52,311,0,23
e8bcb607-e95f-48a7-b6f8-9ffd9ca10151,Furniture,Phones,short,706.2,29,365,30
85989842-8b4c-4030-91fc-2c473483a3a2,Technology,Accessories,save,627.4,351,90,63
ef17c70f-7968-4a4f-93d1-d439bd7e3516,Office Supplies,Paper,some,611.89,260,365,88
d5d8cbd0-9256-4b2e-96ab-398be36b16d6,Technology,Accessories,according,160.91,287,90,92
31809ba8-b0b7-4635-a560-fc616c2432f0,Furniture,Accessories,this,810.67,487,365,28
8e710486-e7ce-40fc-930e-6110e3506082,Office Supplies,Phones,it,906.76,477,365,76
b49c8700-ccf0-43b5-aece-127d0cab06d4,Furniture,Accessories,same,53.8,276,90,16
1df2c9c4-2ee7-42ee-b33e-d942a545515f,Office Supplies,Accessories,magazine,815.81,459,30,56
5e65f8a8-e075-4edd-9260-3c0c34331964,Technology,Chairs,somebody,436.45,215,365,19
1c6075dc-bab9-47ce-b828-5b82faae9458,Technology,Phones,two,75.26,178,90,92
3bcd7704-d724-421a-848a-49dae14ad2ee,Office Supplies,Paper,letter,637.01,250,90,22
ed57089b-ca58-4855-968a-0ca229ed97c9,Technology,Chairs,describe,11.86,261,30,52
9249f18c-e1ff-4f0b-8435-ddf415e5e78c,Furniture,Paper,two,707.79,43,30,20
4e52a55b-1b82-442b-8903-e354dddcb018,Technology,Accessories,wait,143.41,47,365,73
de96ae75-80e6-43b6-8b70-3755e6316a8c,Office Supplies,Chairs,place,113.06,91,30,64
e6c98013-ace8-4e89-bc33-3933304f91e7,Furniture,Chairs,race,386.59,387,365,58
ec07b923-a640-4917-b3f0-e80304202713,Furniture,Phones,moment,411.43,400,365,81
82d13550-0f7b-40d7-92b6-84612fc1835f,Office Supplies,Phones,series,932.0,278,30,9
01a91ddb-2393-4fb6-a268-77920182eb2b,Office Supplies,Paper,enter,79.1,467,90,16
76d504b2-bf48-4c1f-a66f-9ed2b70e9639,Technology,Paper,design,262.43,312,30,59
a61664b9-6564-42d3-a0b7-d690b6bf9e59,Technology,Chairs,both,993.86,325,365,20
763718f2-85c7-4e5f-8851-b048ef1055e1,Furniture,Phones,face,835.44,115,30,64
13c1b024-b914-4eef-a6f7-ad7fb77bb5b4,Furniture,Paper,design,290.71,280,0,98
161b4bc0-9125-4287-a919-f59dad8213eb,Office Supplies,Phones,wall,81.32,117,30,92
b7aec3ae-916f-4147-a83a-dc26bd1e87de,Office Supplies,Accessories,young,901.38,383,365,50
148cf4f2-a0e5-4228-a703-d445b91abca6,Office Supplies,Accessories,field,797.44,282,90,39
45265f7c-f600-487e-944f-5e525b573b1c,Technology,Phones,movement,757.76,232,365,29
73fc29d0-511e-4391-93a1-006aeafd6dbc,Technology,Chairs,write,718.66,371,0,3
d4ca68dd-e103-4950-9cfa-96ae97dacc99,Office Supplies,Accessories,whole,45.62,377,30,62
05138577-25e9-4f34-a2df-daf7c011d15b,Technology,Paper,attorney,23.42,223,30,37
df329182-db43-45ad-a28e-eee777434c85,Technology,Accessories,security,139.76,429,90,92
788b093a-9f74-4bf7-96ed-707d44daba38,Furniture,Accessories,tax,391.7,361,90,70
e2b3ef25-0a46-4537-a656-4dbc8229a88e,Office Supplies,Accessories,skin,79.72,452,0,45
1e9a98de-4456-404f-8cff-6adf883251e9,Office Supplies,Paper,discussion,489.51,372,365,35
6c6c333e-deaf-4be7-9cf1-53fe266f6317,Furniture,Accessories,garden,70.37,432,365,81
88f1f5e0-6d78-412a-a769-e907944cff45,Technology,Paper,particular,221.58,453,365,40
197e4172-299e-493e-995d-a6084f27b53f,Furniture,Paper,detail,322.18,141,0,46
0389d8d1-12e4-453a-9874-08e3a59c29b3,Technology,Chairs,member,799.46,193,0,37
c0f8bbd0-6df4-4bc5-8bdf-fff5376a5d6b,Office Supplies,Accessories,sell,223.41,457,365,30
0d52008d-a381-474e-916a-7a2f76c7555a,Furniture,Paper,though,192.16,337,365,95
617cb210-0c86-4aa0-90dd-dadb211cd021,Office Supplies,Paper,move,556.94,267,0,77
43da5a86-fd1f-456b-9a64-f157aecb81fe,Office Supplies,Chairs,industry,803.97,306,90,46
9ecbb103-fad5-4e5d-9ad8-93766aaa9d12,Technology,Chairs,more,330.0,201,0,99
9c8e7b27-0889-43e0-bbbd-89821c380dfd,Office Supplies,Chairs,matter,642.68,101,365,86
855ac718-690b-4628-b1d6-c1a1e730a242,Furniture,Chairs,same,556.76,321,0,58
755699e2-0538-4bf7-a0c7-2c44a72bb7ce,Technology,Chairs,computer,803.44,355,0,87
7e7bfbc9-4e63-4537-82c9-4b23e35e0618,Office Supplies,Accessories,increase,760.64,360,30,43
e3ad144e-809e-49ae-96eb-ac045f5e0355,Office Supplies,Accessories,rock,35.92,252,90,37
844030eb-cade-4156-8347-0785fee9ff31,Furniture,Paper,door,293.16,277,90,46
022ebf47-4647-45d8-8a31-f50b258670e4,Office Supplies,Paper,fine,984.0,37,365,51
1234c432-dd24-43f6-9907-49aff138d99e,Office Supplies,Paper,be,24.1,389,0,34
2910cc53-76fd-4482-aab7-13c41f828b6e,Technology,Paper,environment,947.59,81,0,59
c728b18a-be5a-4cbd-a729-92f2b7daa41e,Furniture,Accessories,though,451.32,14,365,83
a988d4b5-3867-41b3-8c81-29c5a605d05e,Office Supplies,Chairs,threat,156.08,496,90,31
d3edb88a-c9d1-4a22-8cc9-95e11c157722,Office Supplies,Phones,yard,829.23,192,0,45
aee73307-cc8e-4ceb-8f73-3218d934dbda,Office Supplies,Paper,why,381.39,493,30,47
47b943e0-bdec-4829-8ccd-523e0f3a4d3e,Furniture,Phones,letter,178.77,176,365,56
a72beddf-f066-44bc-ab9e-864571daf2c1,Furniture,Phones,together,242.43,437,0,4
c89fbcc8-1478-433b-8ef9-ccc219ddce7b,Office Supplies,Chairs,enter,646.81,337,365,98
6c3d61b7-affb-4c3e-bde7-d4d3ca7885f2,Furniture,Paper,success,545.19,172,90,37
c279a871-e217-4158-b543-c7f2fc216c70,Technology,Paper,vote,472.32,70,365,45
1a1918c0-b192-4bbd-801b-143e87bd8a04,Technology,Paper,billion,629.49,380,30,74
a6285348-d35d-49f5-881f-aa02762670f3,Furniture,Accessories,fish,195.93,76,0,78
612a596f-4042-4172-b5d1-1e4c19765238,Technology,Accessories,one,729.76,239,0,86
339a4315-3821-41d7-86b3-af3b5052079c,Furniture,Accessories,music,578.86,185,30,16
723c6f1c-8324-4846-bcb6-91a8732e0c66,Technology,Phones,nice,16.95,311,365,7
09557689-0dce-4b97-bb4c-d2e2914bcc34,Technology,Chairs,seven,835.76,356,90,26
22398982-0658-499b-8042-a8781bfd9ed8,Office Supplies,Chairs,less,642.22,286,30,98
785d51a5-e948-4a40-9de1-174875384619,Furniture,Chairs,painting,81.44,233,365,74
f27ca0c0-268d-4193-a57f-b46afc6539f1,Technology,Phones,part,763.31,488,0,83
f95a94f2-fe1c-420c-bcfd-dcc0ffb9e429,Technology,Phones,sure,525.57,431,30,27
3addf420-066f-4aa1-a2c4-f411a58d914d,Furniture,Phones,may,677.11,139,90,54
74fc8f09-7e8d-4215-a151-79a35c31bfb7,Office Supplies,Paper,meet,475.84,353,0,90
50050e6c-4cf7-4fd2-9ab5-4cc42ff96098,Office Supplies,Chairs,knowledge,204.67,49,365,50
d0a61ab6-7bb4-4fd6-a6d8-21423c7bc55c,Furniture,Phones,sing,428.13,203,365,13
2a7c88af-b31e-45c3-9cf1-8ccc96f5afc8,Technology,Phones,nation,492.17,423,90,77
7a641b75-59be-4a4a-a93f-4c25ee4e53df,Office Supplies,Chairs,pass,450.4,368,90,36
b9ee91cb-bf16-41b8-be17-edc0d5d12036,Furniture,Chairs,minute,846.9,399,30,70
83661340-17be-4517-934a-795b2d408b92,Office Supplies,Accessories,who,795.36,448,365,93
b95e8a5b-aec5-4dff-8064-9fa58084b10f,Technology,Chairs,ahead,520.55,486,90,47
d86843b4-f53f-424d-bc0e-7cd329472743,Technology,Chairs,big,42.88,278,365,19
c4c96580-2753-4bc1-881c-9e68f1d41910,Technology,Phones,participant,898.32,16,365,38
418dfdc8-ef72-4d1b-8ce2-23b85ed3b8de,Technology,Phones,sometimes,307.53,356,90,76
40fbedb0-4763-496b-a2cf-7e83fefde08d,Furniture,Phones,fall,255.84,236,365,56
c3798357-9434-4e73-8da9-b746632ac0b4,Office Supplies,Paper,front,529.62,489,0,14
bd2b66a1-1ab1-4e75-a34a-24549eebf47d,Technology,Chairs,watch,971.13,75,30,93
b3acbd32-2473-4b76-b8f8-8c289f63b871,Technology,Chairs,table,260.35,409,0,99
a93f87fb-4765-455b-aec2-08d7716b3c00,Office Supplies,Chairs,crime,631.25,225,0,14
7feab19e-64b8-4d76-8f91-f49197e9a1b7,Furniture,Paper,without,872.82,178,0,35
b6cdfd78-ecb7-477d-b9e9-877e69048366,Furniture,Chairs,enjoy,216.51,286,0,39
91651d95-6a38-42ea-8752-8ed67ca83227,Office Supplies,Chairs,watch,377.47,310,90,46
27055391-0cc2-4037-95b5-914a2efe03fe,Furniture,Accessories,final,372.27,45,30,98
f33b2ceb-8dd1-4d26-98fc-0385e4b4f5d9,Technology,Chairs,help,270.32,269,30,56
53b0e8a3-e12f-4810-a4f6-718b42d4ac86,Furniture,Chairs,finish,338.89,44,90,17
339bb529-3560-4a84-ab6a-c8bf0d8d8415,Technology,Phones,toward,237.62,289,0,29
c2f3d9b5-919c-4b9e-a3fa-6145240bc6d1,Technology,Paper,tonight,30.23,283,0,19
42e87be5-eea2-4bed-9b5a-a4b5db2a38fd,Technology,Phones,right,225.31,24,90,74
fa8c75b1-2cea-4f45-ac35-fc1c89c97d81,Technology,Chairs,treat,637.52,206,365,1
2c9f7d74-0348-4803-abdf-aebfa9160728,Furniture,Chairs,mission,108.24,436,365,40
7098edfa-e7ed-4072-aa1c-b4b1b5c75f2a,Technology,Chairs,positive,718.05,218,90,3
ca809403-47e1-4f11-bd1d-601d29d9fb11,Technology,Paper,alone,829.01,270,365,86
6e2ad658-65e0-47db-8cd6-3beaaf727d04,Office Supplies,Chairs,ok,796.1,77,30,92
973c7efe-38de-4233-b895-d9f619e5f8d8,Office Supplies,Phones,approach,875.93,130,0,58
8f0b7f10-8409-4983-a6be-cdd2665f106d,Office Supplies,Paper,spend,149.19,304,90,22
3de9e863-8ad6-4d4b-9c89-2e5321a9124a,Office Supplies,Chairs,morning,154.5,282,365,60
123937f1-3d50-4513-9b9d-9c785005af61,Technology,Accessories,and,582.32,126,0,82
0bde10ca-956c-4d4e-aec2-eb421704c6da,Furniture,Phones,leg,387.64,90,365,29
3f7c1d4f-fa72-496a-b866-31b462158611,Technology,Accessories,service,137.05,28,365,89
e2daaa17-5287-4efe-b48d-3f1750ef017a,Furniture,Phones,start,388.65,147,90,32
c2865138-1950-4d62-9eb0-1f295a3d18d4,Technology,Phones,professor,779.78,294,90,48
2e04432d-9774-469f-a0b2-f7b1ac8c1a86,Technology,Accessories,southern,936.94,55,90,30
16bfee15-2897-4467-866a-09ab8e130485,Technology,Accessories,different,866.57,244,365,5
0f2ed8ee-f00c-4fe8-9fb4-189d757cfbb6,Furniture,Phones,happy,320.14,113,0,26
f4033361-5575-4668-ba65-02efb878ab9f,Technology,Chairs,religious,897.36,212,0,23
674bcad5-286c-4478-90da-8956a364cedc,Technology,Phones,particularly,354.35,441,0,94
ff678f4a-3203-4c1c-9f85-099083eed3e5,Office Supplies,Chairs,bad,722.5,16,30,52
dec6ea15-99ab-4205-a2c1-89e39903a8e3,Technology,Accessories,exactly,327.06,89,90,6
2cf6ee3f-a5b3-420b-8d9f-6924fd80d3e1,Furniture,Phones,teacher,745.92,347,0,4
406edbfd-b53a-4a2e-b309-9cb622af50a1,Technology,Paper,follow,149.2,500,90,98
b50280ec-9f6e-445e-9668-fb52fb5e47bc,Technology,Phones,hotel,836.29,237,0,32
81ddfde8-5355-4f0a-ada1-c88fe3611a34,Furniture,Accessories,statement,879.56,215,365,96
59310b79-e042-45da-a824-1cb3b99e9477,Furniture,Chairs,huge,399.9,216,30,21
8ce66d17-bc5a-4a47-ae68-d81880236e18,Technology,Paper,worry,165.53,378,30,95
8f6f29a8-5b2e-48ae-806a-5a62266d9356,Furniture,Phones,entire,693.49,176,0,48
146f7c18-9314-42bb-a2ae-94bbe956fbda,Office Supplies,Paper,age,672.54,121,365,25
0a5281cb-f6e9-475e-9159-973b81bc9b92,Office Supplies,Accessories,benefit,81.13,28,30,10
4bf1c5d4-8db6-4265-aed3-198b9aea95d9,Furniture,Accessories,thank,677.45,476,90,81
1cca0434-c818-4884-b976-0801a3781a41,Office Supplies,Accessories,need,568.27,193,30,54
90f1f298-c610-4e4e-a3f8-58432cbc2336,Furniture,Accessories,how,180.13,488,90,10
c6702fa0-154c-4a09-89f3-1c4fc9a21e6a,Furniture,Phones,actually,922.67,258,90,58
5fd09c50-19c3-418e-919a-689dbc4c0013,Furniture,Accessories,oil,724.07,449,30,66
980f180b-4a2f-4dc3-9b71-0fd6ce684d8f,Technology,Accessories,wait,445.93,442,365,29
255eac44-3526-489f-9d94-aa1e07698530,Office Supplies,Paper,everyone,152.69,236,90,75
5c843692-5673-4ac3-b84e-2d626d72cc55,Furniture,Paper,interesting,356.65,443,0,74
6bf0931c-e29f-400b-98e1-d7c927b13121,Technology,Chairs,hit,477.99,88,90,46
18dc8549-81ab-43e0-81cd-5be4bcc1b747,Office Supplies,Chairs,many,894.68,241,90,44
0e9f8b7f-bd72-4ae2-84d3-8396c9893bcf,Furniture,Chairs,industry,242.24,389,0,11
896f9de2-e4e6-41f4-97dc-eeebc8fba849,Office Supplies,Phones,first,522.11,305,0,24
f44f147d-cbd6-4a2a-bfb8-54e583ad1bcb,Furniture,Paper,drive,999.58,129,30,76
0ef4ddff-c278-40c0-8cae-f03df3506c47,Technology,Accessories,determine,451.14,223,0,42
1fc24e24-2ba2-4013-a5b1-87516aafcf3f,Technology,Chairs,concern,327.66,132,30,94
613991fc-498d-4eed-9da7-30050c74d6fa,Furniture,Accessories,visit,901.48,12,30,57
f89e6a70-4d22-4050-bac8-6f2261ba7c9b,Technology,Phones,single,323.02,94,90,69
5ce238e3-f09c-44a3-bc0f-3fdee48c823c,Office Supplies,Chairs,happy,29.41,43,365,87
55fe0de3-ddc9-4c98-9ecd-302dc586a630,Technology,Accessories,cold,96.98,351,30,1
1396c2c7-0775-4814-bd8c-141623bea554,Furniture,Phones,practice,701.73,26,90,27
ff08d0ce-846b-4f22-9584-546c0893449f,Office Supplies,Chairs,card,922.36,374,0,15
84c1b7b5-de40-4ac3-a26b-06599d30ab8b,Technology,Phones,hold,694.77,384,0,43
d887f3d2-a81f-4cfb-b9f0-2eaf248c6369,Furniture,Phones,then,936.13,59,365,94
ee26b8e4-36ae-41d1-951b-7869dae4d1ee,Technology,Chairs,talk,424.19,95,365,40
52b3527d-8d69-4386-b1f4-cc20f06fd9d4,Furniture,Accessories,meet,209.74,10,90,85
99b6e270-e0cf-4113-8fe3-9d4d3d8d2bbe,Technology,Phones,good,613.49,189,30,77
d9a4c78f-04a2-4d5f-8056-656b103aef91,Furniture,Accessories,real,792.6,24,90,96
a07d0573-ed22-464a-b2ee-62e458714e61,Furniture,Accessories,staff,609.37,299,90,22
8a17acc1-fa8c-4a81-8e66-6c95ab478a84,Office Supplies,Chairs,poor,526.9,494,90,57
42fff2fe-5536-4ed5-8ade-28486cdf8a21,Furniture,Phones,provide,899.79,388,365,8
fe899d86-2ff2-4669-b0e7-26e728d50dce,Office Supplies,Accessories,later,55.43,477,0,2
cbd41d37-a4ec-436e-9145-ed1b021c818d,Furniture,Phones,piece,85.79,109,365,82
00af99b8-6c00-46db-91de-283b4446a4f7,Office Supplies,Chairs,certainly,579.16,303,90,83
b846751a-c45a-45a3-943e-70ca11b71f87,Office Supplies,Paper,professional,468.74,492,365,37
4cf197c7-e6a1-49ed-8d28-d873163c0127,Technology,Accessories,value,63.36,355,365,26
2323d7ec-ab13-4795-920f-b18c521e2c25,Technology,Paper,care,197.89,340,30,63
e28cfdfa-b629-4608-a224-bc9d822d0b39,Technology,Accessories,wall,838.1,111,0,17
0780cacb-a868-4cd4-bf77-1e60a15d6b62,Furniture,Accessories,stuff,534.2,112,365,28
e3869c81-b51d-47fa-97db-d2610c2d6007,Technology,Chairs,interesting,90.88,419,0,29
ea967c49-6623-4006-88e3-71abe81d3a0b,Office Supplies,Paper,investment,653.92,116,365,19
4050cff1-c001-4781-be9f-3435d0eee994,Furniture,Phones,husband,794.26,164,0,52
2adab0f1-8399-4259-b488-c55cd4d0ad87,Furniture,Accessories,allow,844.9,229,30,17
e22720e7-1edf-4300-bc7f-c132c59b0cd1,Furniture,Phones,cut,454.55,114,0,27
de765f38-e8cc-4ba6-aef9-c0705d0c3744,Office Supplies,Phones,remain,244.7,283,0,34
46533548-e583-49df-8e33-392c9289e349,Furniture,Chairs,even,326.13,407,0,85
1a23a531-1e65-47e5-94ab-fbec3453a594,Office Supplies,Chairs,government,750.47,37,0,17
2505d3fc-fc9c-4b43-86cd-958b2e398b12,Furniture,Paper,population,487.39,450,0,23
291efe51-6eb7-468f-9263-631e4f6a3334,Furniture,Chairs,office,307.58,175,0,26
cd13c5d8-b581-40d1-af64-7b4c72d40209,Furniture,Accessories,foreign,103.75,441,30,62
59a11f70-bc26-43d2-8289-06f7463f3b1a,Furniture,Phones,paper,681.16,493,30,40
161f1145-7675-4b75-891e-0e4ec10e6ca5,Office Supplies,Phones,see,471.99,74,30,100
14c43040-90cb-4678-a4d6-0c74dad290fe,Office Supplies,Chairs,thus,367.02,77,90,45
1ceda44d-1255-4372-a6bf-d142c054d8ad,Furniture,Paper,region,92.79,325,30,5
d41aa52d-59fc-45ee-89de-c37ceb00cf8f,Technology,Chairs,book,123.43,135,0,97
7c0c4e8a-717d-42da-9fdc-f951fae2505d,Technology,Chairs,economy,131.06,207,90,77
be61e1d8-1ade-4e47-acc2-b823b3bcfbdf,Furniture,Accessories,operation,534.16,313,0,52
dbde8f66-e4b1-49d0-bb55-ecbe0d36f1c6,Office Supplies,Paper,own,170.73,219,365,90
a0a19540-9dbb-4082-9a51-0d2c4dff3c43,Technology,Phones,treatment,460.12,268,90,50
fca8049e-f9fb-42c4-bad9-e8393255311b,Office Supplies,Accessories,smile,757.83,444,0,24
fdd4286f-ac45-4b3d-8a1b-2a5041faad4e,Furniture,Phones,site,245.57,310,365,94
f30edcd6-37f9-4fea-9f0f-f2f1ea3b22ae,Furniture,Accessories,indicate,866.17,99,0,45
458ecc0b-7218-4a70-a9bb-415968010d4a,Office Supplies,Accessories,forget,645.86,465,365,37
22febd32-1c49-4f01-b8c3-0664163558c4,Technology,Chairs,poor,522.88,136,0,87
c94e66d7-a62e-462e-ae91-0be4541294be,Furniture,Chairs,positive,731.64,496,0,20
3140c41f-4a1c-49fd-9735-dc42899c372f,Office Supplies,Chairs,phone,653.15,485,0,80
b0b49c05-4bdb-423b-a6f8-3e545c15d07a,Technology,Accessories,store,494.51,42,0,14
c6968250-0d94-40f7-abaf-d8bf9071e48c,Furniture,Chairs,develop,490.7,491,0,13
f651a45c-d07f-4519-ac80-02121b0b9ebe,Furniture,Chairs,every,543.91,419,0,83
522a812e-e63d-47c5-897f-7693bfb5eac0,Office Supplies,Chairs,animal,523.34,436,0,10
60784991-654e-47c7-97e1-745422e78600,Technology,Phones,us,735.64,418,365,14
2af2007f-9635-46e7-8703-8c782014a2e7,Technology,Chairs,hold,654.85,229,30,50
8975a0e5-7923-44c3-9150-bfec487123a0,Furniture,Phones,later,765.69,228,30,16
4a6be494-07f2-414a-9850-9d7b3476d1c8,Office Supplies,Paper,space,841.93,249,30,44
8e21c731-1bf3-438f-bff2-8594f8313567,Furniture,Chairs,bill,608.7,464,365,69
7ee3206c-46e8-4fc4-8bcd-43535914e3f7,Office Supplies,Phones,heart,648.39,181,0,11
ebf076a6-322d-4b91-b46e-fb1ec80936d2,Technology,Paper,phone,143.24,27,0,66
08f72ce0-a63f-4992-a386-ce50290120a1,Technology,Phones,prevent,139.31,119,90,89
ffb3f1a9-7457-401f-9d69-51d3b345855c,Technology,Chairs,interesting,820.78,416,365,38
832ee94e-ce50-4223-b430-404fec4de8c8,Furniture,Phones,talk,152.84,348,0,80
c95512ad-a434-4b7c-b613-251bff3b0332,Furniture,Paper,during,542.7,424,90,65
4b0d75e7-251d-4ab9-b961-9680a03894b5,Office Supplies,Accessories,learn,751.52,406,365,37
e1d4a701-3c4a-442d-a40c-58bf40de3065,Office Supplies,Phones,spend,142.79,415,90,88
e15b23f2-a9f5-4518-9376-3b25ab38f196,Office Supplies,Phones,reveal,372.67,387,0,3
5a265ba0-7a51-43da-84d5-5b45fe479fde,Furniture,Chairs,there,160.98,90,90,38
75c5c51b-9775-488a-8fc7-1f51505ea42b,Office Supplies,Accessories,actually,473.17,441,90,45
10c410d6-9a5a-49ce-bee6-69cc5eeae95a,Furniture,Accessories,everybody,572.39,203,0,14
13680336-29cc-4176-be8e-e9228430a181,Technology,Paper,world,67.22,443,365,2
4a90a1d5-1d10-4e78-bc32-3f57999e3758,Technology,Chairs,bring,124.99,416,0,11
1fbec753-d2c7-493d-8c1a-1baee86d0663,Furniture,Chairs,certainly,866.85,326,365,80
dbde3d32-cdc3-458f-a78a-9268816ab4a5,Technology,Chairs,sure,780.75,194,90,11
dfe64015-074d-4b99-b1c0-d0eb865dbd87,Furniture,Phones,staff,893.74,403,365,66
953fff10-1c5f-43f1-958a-ea19050bb994,Office Supplies,Paper,own,255.16,189,0,6
effb60bc-7ab3-4f83-9cf3-7fbce532a637,Furniture,Accessories,how,512.67,461,0,95
9bcb9198-9766-40d9-8590-7e55d48c22b5,Technology,Accessories,seem,401.28,259,0,73
45b4ce8f-128d-4369-bd9b-80d554f77e97,Furniture,Accessories,exactly,742.56,186,90,17
c565d847-696e-4ae9-b289-c404549a851b,Office Supplies,Chairs,clearly,130.42,388,90,3
4eec1c1c-0a09-4c4e-a1c6-f49b3b712c66,Technology,Phones,billion,274.48,109,30,52
e4d8ffa2-1069-44c2-a582-097f53e8eb2f,Technology,Paper,improve,133.2,56,365,88
d7e11905-4b8d-4a57-9400-8bded3202aa4,Technology,Chairs,yet,856.08,436,30,3
e195d1f0-8859-454b-a039-6482a5540f93,Technology,Paper,very,904.39,454,365,52
fc98fae2-5a54-4842-882c-94e3fe0f3638,Furniture,Phones,leader,958.19,451,30,2
0df013d9-4dd4-4134-8155-583720ad514a,Furniture,Paper,yourself,172.62,448,0,64
6b0c4dd6-86b4-4105-be2f-977b1a3911fb,Office Supplies,Accessories,court,659.52,221,90,5
be8a131c-25c1-43b3-a083-3498e41f202a,Technology,Accessories,thus,935.61,434,30,34
0d58b930-dbfb-49aa-9488-bc4c9b8cf21c,Technology,Phones,anything,372.71,421,0,58
22161071-17d1-4fbc-b6b1-28c4fa33484b,Office Supplies,Phones,act,375.26,444,0,81
5258818d-bda5-42cc-a573-aa4fcb99fc5a,Office Supplies,Phones,reveal,565.01,24,90,78
f12ee5ca-f58d-4c29-99c2-3fb5e832d5b8,Furniture,Chairs,ever,11.17,214,365,11
f32085e4-3348-4cd5-8433-8de0906ce177,Technology,Accessories,although,300.65,445,0,86
1a2d138c-4053-4162-ad0d-a7563b39110f,Technology,Chairs,wonder,63.67,120,0,74
b5183f85-3881-4c24-ad21-f8e59e5e969b,Technology,Paper,rather,227.09,488,30,19
7807b2e3-2e38-4d00-950c-5e68c90e3bab,Furniture,Chairs,partner,680.52,124,0,81
433b698b-4e6b-4010-84cc-9fffe9748750,Technology,Chairs,increase,382.48,219,365,55
2add7d3d-6d4c-4f98-bc61-514d13725af9,Technology,Chairs,relationship,461.05,413,30,32
c039dc01-b662-4a8a-a7f3-0b2caad37a2c,Furniture,Phones,value,112.7,423,0,89
532900e8-b429-44c1-b811-0107ecb8136a,Furniture,Paper,hard,708.43,82,0,67
9f48a463-b375-4cd5-99d8-e2f0a41e9d1e,Technology,Paper,challenge,119.07,148,30,28
e7e0f698-10e9-429e-91df-628fc97951a7,Technology,Accessories,lawyer,566.87,204,90,83
684a346e-3f1f-4d80-84b8-a276b6913b96,Technology,Chairs,nation,396.97,425,30,83
096f7fff-2b81-406c-83ed-0fdd34163234,Furniture,Chairs,region,641.72,192,0,8
b38d756e-94ff-4dd2-8975-17ccf62a2a2d,Furniture,Chairs,throw,940.37,316,30,16
05c1eddd-1092-44e7-83aa-2337c6035906,Technology,Paper,form,491.91,490,0,37
683d0e0d-009e-4811-b42b-13c621b54998,Technology,Accessories,service,640.93,414,30,65
7484f8f9-fee0-43c0-b9d0-65592c723b91,Technology,Phones,then,404.37,423,30,43
5a6be236-c650-418f-998f-8640b42c633d,Office Supplies,Phones,word,490.92,233,30,39
e326fe7d-120f-499a-b691-5a78df6cf16d,Office Supplies,Paper,statement,746.05,299,0,51
e54e578a-ba80-4ea5-b407-98383c8e4667,Technology,Phones,how,48.66,160,0,83
70a620fc-6088-4dea-92f5-c93a83e656a9,Technology,Phones,bill,449.33,396,0,95
b3f9f0f1-2ce3-4c83-8f6d-7dfacddbdabb,Office Supplies,Paper,subject,460.35,187,0,26
6df56d30-c7ac-4dd2-87ac-cb4abef82119,Technology,Accessories,involve,432.04,149,365,64
293f9e18-f156-48c8-8dc2-d71a743ae6f8,Furniture,Paper,officer,81.75,321,90,81
3ae239a4-41e7-41de-8983-f715163b921c,Technology,Phones,material,517.21,282,0,47
7d65dfdc-16ce-40be-b76d-651510617bb2,Furniture,Accessories,something,51.58,299,365,31
da53526e-15b0-49c8-bcf4-c34e27e42224,Office Supplies,Phones,against,459.1,225,30,85
931ac255-08fe-46ea-81db-6d58493244ac,Technology,Phones,support,990.23,36,365,53
2e74924b-4218-493b-a48c-95bd4d4c7460,Furniture,Paper,per,554.27,114,30,42
53b38d3d-6796-4731-8495-ccb693635b2a,Office Supplies,Accessories,draw,805.32,38,0,3
73b38262-c005-4067-9090-87548152435b,Office Supplies,Accessories,employee,898.63,100,0,36
9db776ce-3030-47c9-a86b-dfd28850fc9c,Office Supplies,Chairs,toward,90.63,286,365,98
114f8bc0-d036-4479-bead-96b733ba7df9,Office Supplies,Accessories,she,719.06,315,30,53
fefe145f-4127-42b8-b073-660c6d848e4b,Technology,Accessories,blood,351.1,173,0,30
a8d26a36-13df-485d-8696-ac449b8b9f4a,Office Supplies,Paper,others,374.8,236,30,67
77245f8f-7ff4-4a49-83be-7c300fbb73cd,Furniture,Accessories,fine,119.52,17,90,49
f0230211-2ba1-4c9f-91be-374a6e8841d8,Office Supplies,Accessories,north,219.17,114,90,68
0e5e77dd-7a90-468a-b371-a84e78aab9ba,Office Supplies,Chairs,indeed,956.79,219,30,25
110b6117-39e4-46b6-a0aa-59b6a0cd11fb,Technology,Chairs,pretty,116.57,31,0,97
454cb7d9-0c67-4d85-b9d9-27004356a157,Technology,Paper,them,372.39,417,0,36
101cac8f-4831-48a6-b082-c37c2c616cbf,Office Supplies,Chairs,particularly,379.82,494,90,33
9c842843-596f-4dcd-b258-e33b725c4541,Furniture,Phones,television,115.85,420,365,60
716bff9a-29b9-420f-810e-bb8798fe6d4b,Furniture,Paper,card,169.91,44,90,78
b3d6da95-5112-488a-9657-5c2664d88628,Office Supplies,Paper,paper,79.8,134,90,44
508337c2-776d-4776-9661-837547544560,Technology,Paper,community,897.02,36,90,35
a969727b-0211-4a6e-99b3-5db73b6a4199,Furniture,Accessories,crime,402.22,500,90,92
4fe98eee-d1f7-4c31-b27d-4d54c6b3b5ff,Office Supplies,Chairs,effect,207.58,75,30,100
031fdc86-2d48-4647-b80d-5cff0816fbb6,Furniture,Chairs,material,642.56,181,30,34
88ee2686-0e1f-436c-944f-5234aaf95536,Furniture,Paper,and,640.68,368,90,50
571f8222-7401-4ca2-84d1-d0dea4606d15,Office Supplies,Accessories,bring,443.61,497,90,58
e587f878-424d-41da-9474-0cc4a36acdb4,Technology,Paper,send,832.3,93,365,15
65da5573-7f76-43a3-acb2-3bcc8ed35c3d,Furniture,Chairs,treat,937.43,313,365,7
f3a86b36-5e84-4875-8a5d-af6d749a41f8,Technology,Phones,generation,177.82,65,30,34
b1174a7b-e4dc-4eb0-9647-f11b202e6802,Office Supplies,Phones,guess,369.87,61,90,7
b4fc115d-6ee2-455c-b220-96677859e247,Furniture,Accessories,low,907.05,387,30,57
0cdb8d32-118b-4132-b7ef-460878703ba6,Technology,Chairs,able,644.77,75,365,33
3d4ee4db-e93f-4b0c-b8d5-99350aa289b0,Technology,Accessories,rich,838.9,22,30,97
174248ae-505c-4f01-a791-40e8085cec78,Office Supplies,Accessories,try,293.16,164,90,87
f7f68cc2-898c-4244-8e56-57e75dd1a613,Technology,Paper,real,299.54,174,0,41
72be3ce1-438e-4cb0-b6bf-d7be8ca933e8,Office Supplies,Accessories,else,541.03,270,365,21
ee3e70ea-ddb5-4e7d-a74a-9127418b7780,Technology,Phones,fire,456.03,174,30,81
2355ffff-5410-47b2-8bd4-ab122373d6a1,Office Supplies,Accessories,piece,462.12,62,90,9
8de0c725-2efe-428f-bdc8-7f1e9e116944,Office Supplies,Phones,challenge,187.39,468,90,60
5d9ed1d3-c824-41ea-b558-bb7d794c62da,Office Supplies,Phones,point,524.35,228,90,55
57367cd1-6e34-4adf-9f86-f4bc01d7470f,Office Supplies,Phones,sound,478.23,380,90,71
1716833e-253d-4e9d-b7d1-efede2ed1d7f,Technology,Paper,still,189.74,399,0,15
9beffc06-03b8-4924-9f89-b7bd70a3012a,Office Supplies,Chairs,attention,523.83,266,0,12
53fb7f64-419d-4982-b286-bbecc0b1ecc9,Office Supplies,Chairs,main,810.92,313,365,8
18189fb6-9441-47bf-9c44-e7602a39ac04,Technology,Paper,ask,751.42,286,0,80
b4a4ebd0-066b-494f-814f-ca5c5660aa75,Furniture,Accessories,against,919.99,193,0,77
c3df9d19-45a4-41f8-8a20-c287fe665076,Technology,Accessories,wide,136.52,500,0,81
868cc645-0b86-46c1-8061-42694cdebb70,Furniture,Paper,itself,396.1,424,90,67
ab09150c-1efc-444a-a0a5-c83681a743c0,Technology,Phones,face,579.18,264,30,51
850a3d3c-0579-406b-a16e-dcf2da8e8865,Technology,Paper,fine,637.91,490,30,88
32d948e4-6d7b-4677-8d66-f175eee260df,Office Supplies,Phones,letter,772.04,139,0,18
414c76ea-4766-4165-8c34-afe9b1f878bf,Office Supplies,Chairs,center,580.73,320,90,88
9ff9eb03-0009-4183-84cf-b0a47aaa69c9,Technology,Accessories,best,922.42,231,0,24
f78f3199-8e8b-43d5-93fb-9ca1afc1f4fe,Furniture,Chairs,international,229.08,218,90,20
b0d6d032-8e66-454e-a83c-1548bf7a8326,Office Supplies,Phones,despite,17.11,262,90,63
ec8f5740-18e2-415f-bc16-ad11d718970c,Office Supplies,Paper,decade,572.73,306,0,91
baaba4a1-babd-45ce-8ff0-d9bd159add44,Technology,Chairs,thank,624.39,421,0,91
38118434-44d4-4be1-b306-a623cb7210d4,Office Supplies,Chairs,start,83.31,428,365,58
47894220-68d0-4db0-83eb-bedcaa276fe5,Office Supplies,Chairs,care,647.92,252,90,10
a12d0af9-340b-4070-adf1-0d66ea34aaed,Furniture,Chairs,event,457.39,430,365,53
e95ab051-6cfb-4311-a077-cddadc9acf23,Office Supplies,Chairs,hot,183.28,255,30,13
51008b75-897a-4362-8cfd-78cd915a09ba,Furniture,Phones,picture,446.49,358,365,87
8f028de2-098e-47fb-92e1-b4f82ac563ef,Office Supplies,Accessories,campaign,608.99,78,30,34
7e844286-c06d-4ece-aa05-f8652793bc5a,Technology,Chairs,rather,746.36,97,365,65
a403a891-2476-4b5f-a692-fae9874a3e87,Furniture,Phones,person,698.6,207,365,5
cddd2ef1-9107-4f3a-8a05-ddd1fd1a2818,Furniture,Accessories,indicate,92.13,170,0,44
1b74bdf7-356e-4c04-9b29-926d33d87a20,Furniture,Paper,end,136.01,481,0,79
8196cd94-66ea-424a-9462-fa8911a78498,Technology,Accessories,perhaps,442.66,389,0,72
951dc0a2-37b8-46f0-9eea-fd02f67fe2c9,Office Supplies,Chairs,particularly,768.28,317,30,36
ca3ca6fc-6d2d-46ed-900d-850dd748868b,Office Supplies,Accessories,miss,820.82,238,30,34
473ffe18-c21a-42e9-8315-f45ba1f5428d,Office Supplies,Paper,new,478.37,313,0,90
86e7fe03-fef9-4a1b-b3b7-84c7924ded17,Office Supplies,Chairs,its,114.12,328,0,80
e036b61c-ea4d-4966-9372-0dd5b8f6a3e2,Technology,Paper,floor,198.49,42,90,1
cc49d485-ac05-4d4d-9d5a-5229a9e34358,Technology,Paper,call,133.19,324,30,89
5c82f110-f243-418f-b564-44d3b894a819,Office Supplies,Phones,increase,348.64,113,0,74
5fa19c9c-e207-476b-a92f-cc3da02aa2d1,Technology,Chairs,owner,464.82,60,0,3
a9762f7a-a723-4355-9b0a-2c851f2eda4e,Office Supplies,Paper,effort,14.86,424,0,94
8f457064-59c8-4b48-b950-ea79c6ce3fe0,Technology,Chairs,assume,891.1,54,365,100
5c05a8f7-f5ff-40bc-b14c-3a0f7b266778,Office Supplies,Paper,stand,289.61,106,365,22
2ad31430-5dab-4786-a5d3-254ac0533c6c,Furniture,Phones,artist,32.66,286,30,41
8f543975-d0b9-483b-8eec-b4cb65731875,Office Supplies,Accessories,street,110.0,366,0,3
548f15c1-bbec-4b96-aa42-abbb93868693,Technology,Phones,leg,830.86,29,365,6
4890df61-34e0-40b3-8571-afa19dd9eee5,Technology,Phones,candidate,240.83,225,30,64
66922b3e-06f5-4ad8-95b6-00df365530b7,Office Supplies,Accessories,machine,444.24,427,0,95
602866ce-ac8a-4458-97d9-e83adcba3a98,Furniture,Chairs,information,143.33,112,30,14
81a90e16-39f8-451a-b18e-05d941f1e5b5,Technology,Accessories,career,218.52,27,365,83
334ba8b7-f479-4713-b6e2-cf27f092ee3a,Office Supplies,Chairs,fact,573.62,378,30,23
5111836a-b102-476e-b568-e784381880e1,Furniture,Paper,affect,317.67,288,0,76
7b4b3890-3dd2-4748-809b-d4a10e886948,Office Supplies,Paper,finish,790.51,149,30,3
1b5998b4-e93e-4aa3-899a-ccc0c33fe688,Furniture,Paper,sort,490.86,203,30,37
2cc754a4-6326-448c-9940-55d18e1402dc,Technology,Accessories,would,943.95,178,0,22
b26dc081-61f7-434c-958f-c3d6193767bb,Office Supplies,Accessories,tax,160.92,145,365,91
4a14f0bc-6423-4fba-abff-6c56935fe424,Furniture,Chairs,design,144.24,412,0,56
b73d65c1-4a7f-442b-bafa-5fbc4d231383,Furniture,Paper,someone,431.06,281,0,93
7aa45a21-9d20-47ba-a17c-a7f960b68966,Furniture,Accessories,too,484.11,89,90,100
e5ff7181-f572-44f3-950f-b339407f451c,Office Supplies,Paper,certainly,305.01,161,365,87
5aeb28e0-0f8e-4cd8-b86a-c77a11c11004,Office Supplies,Paper,most,617.39,359,365,80
f40e7d44-1100-4164-bec0-8a793cc596b7,Technology,Accessories,process,308.43,90,365,24
b871c4e5-984f-4f36-ac3b-612409c22297,Furniture,Accessories,attack,641.79,257,0,96
2b0b1e44-f264-4d93-af14-a5e6c7168e8c,Office Supplies,Accessories,late,207.86,447,30,52
2361c61a-9a84-4d7c-879e-43083c75e6aa,Office Supplies,Chairs,like,466.04,301,90,21
281eb9a5-e0d4-42ab-926f-fd7aea17f04d,Technology,Paper,huge,475.6,42,365,27
313e5c44-65de-4d9f-af01-39bac183fc3a,Office Supplies,Accessories,dark,212.71,407,30,36
229fa694-c107-47c6-a656-acfb56d8d061,Office Supplies,Phones,president,931.3,432,30,47
85b74f28-c728-4921-8ad6-7d5b59606f6b,Office Supplies,Accessories,at,19.03,289,30,19
9be5550f-b469-453f-8c67-5a59f3b3eb7b,Office Supplies,Chairs,boy,736.96,369,0,75
e3d37146-65f3-49cb-9f0b-cdc2feab908a,Technology,Paper,government,751.78,191,365,68
a57d3e72-e896-4da2-bda7-f4778989f6bc,Furniture,Phones,specific,388.16,166,365,22
a18dc6a2-45d1-4101-bd7a-8b8ccc652a3f,Office Supplies,Chairs,pick,682.2,440,0,26
d6db2046-71a5-47f5-be47-3d89b011a278,Office Supplies,Phones,fish,793.81,49,30,36
59875161-56c7-4551-ab47-bfddc5f519e5,Office Supplies,Paper,party,450.24,173,365,97
32d1724e-7983-40f9-9911-05382457a361,Furniture,Chairs,know,633.72,393,365,67
954e5b5d-d0e9-4930-8464-55aecaf5e554,Furniture,Paper,stay,845.74,439,0,24
71f42706-d888-4455-ab9b-1086ae512338,Technology,Phones,east,656.59,396,365,16
0bdfc27b-0cf6-4d25-95d1-ce8c0a05cb43,Furniture,Phones,management,347.16,411,30,72
86e58d0b-b243-428f-9fe2-b9dad618a68d,Office Supplies,Phones,put,405.62,481,30,91
336dbe41-d166-4fd6-bb33-f574ce9823ff,Office Supplies,Accessories,left,543.85,268,90,27
2648e9b1-21ce-422c-9a9a-97b43ccf789c,Office Supplies,Phones,hand,365.07,170,365,28
6609827c-13d3-4a98-8352-d3386b41f2dd,Office Supplies,Accessories,full,120.63,496,0,70
b8f16ed5-567d-4f39-8962-086f9cbe6494,Office Supplies,Accessories,instead,928.49,153,365,3
2207705f-3f44-47c4-9de1-4a0e9d81344a,Furniture,Phones,fine,59.51,55,30,74
dc102ab3-780a-4ecb-803c-dfde474f01be,Technology,Phones,little,308.44,302,365,59
eda8a414-4da3-4d23-be1e-3b882eb789bc,Office Supplies,Chairs,teacher,163.19,90,90,5
aa616f93-90b1-48d2-ad8f-c8959c5aa66f,Furniture,Phones,large,185.64,105,30,8
83c89bd9-ce66-4bfd-aaa0-7c6381e39f8c,Technology,Chairs,understand,20.53,36,0,51
c585993f-bb3a-4a78-b531-64cb41e230e1,Office Supplies,Accessories,someone,550.89,358,365,57
47219a58-b7a9-4393-9905-0383fea1786b,Furniture,Paper,front,883.25,120,90,91
b5b1c76e-3e14-431b-97e7-3b7da2ee1804,Office Supplies,Paper,financial,603.29,336,30,4
870f1684-ea32-4be9-9d4c-49bed2795d38,Office Supplies,Accessories,level,597.65,98,90,47
d22edc95-064a-4309-a69d-a6018e31497a,Furniture,Accessories,federal,968.79,338,0,92
1c3b818b-12f2-411f-9ae5-e6b00b9df296,Furniture,Phones,anything,97.57,30,365,20
376eb0bb-1f52-4dc8-af66-00adb3277c33,Technology,Paper,campaign,654.83,277,0,3
e72ef27e-9d6b-4f7d-98fe-f1dbd0f6fe1d,Technology,Chairs,charge,309.89,404,365,78
d86cb561-8c75-4229-9631-f31e346fc582,Furniture,Phones,research,988.42,97,0,99
79e39b86-a660-428d-becd-75c1654f71de,Office Supplies,Accessories,tell,425.25,85,30,78
e3f1e363-8bf7-479a-a996-7ea4d0e7b227,Office Supplies,Phones,among,666.59,482,0,8
0ae5023a-6656-42bb-88ba-972c54398e43,Office Supplies,Phones,sort,766.03,33,30,73
fb87a88d-561b-4de6-ad09-29302d2f306b,Technology,Accessories,little,787.5,446,365,21
81fe2b6c-bb9d-4762-86e0-18ded4f88401,Office Supplies,Paper,rule,931.51,142,0,89
ea132d71-4ed7-4528-aac5-b3bb89da0987,Technology,Chairs,term,168.92,255,365,49
8d308f36-e76e-4046-96a1-5ff1d44a47d0,Technology,Chairs,year,667.35,147,365,6
4074a43f-fd79-4567-b755-d223ac1fb351,Office Supplies,Phones,recently,982.64,283,365,77
3e33ce2b-40c6-4965-8edc-aa9c5a25f7b5,Office Supplies,Accessories,world,166.66,485,90,6
9ebd7b2f-7805-40c3-bfe6-8dca09c9289a,Office Supplies,Chairs,despite,527.85,368,90,80
0f2d2b75-dae9-43a6-91ba-a5328d1e6e5d,Furniture,Paper,claim,134.34,443,30,95
8a48bd49-13c6-4ad9-b72e-6b40709d77b8,Furniture,Accessories,their,107.67,410,90,100
bccd171b-8fbc-4457-a1b6-dce0bd2dc623,Technology,Accessories,anything,76.5,319,90,75
ec1bb56d-e8c2-485b-a3b5-63a091c90d78,Furniture,Chairs,play,747.72,230,30,12
5ad262d0-92c0-4b82-8fb8-44d38519ee1c,Office Supplies,Paper,future,689.97,203,30,97
91b9d899-2ff7-460e-93f6-f3660e5979e3,Technology,Paper,audience,747.31,317,0,69
e11d1a34-736f-441a-8f7b-02327d6036b1,Technology,Accessories,next,762.86,148,90,17
ec2aa0b3-599f-456f-8975-356447704178,Office Supplies,Phones,these,365.02,208,90,53
c91baecc-3bcb-439f-8748-adf87d2bd07b,Technology,Paper,subject,780.0,494,90,99
21d3582a-bc71-4023-a899-7431bc65f332,Office Supplies,Paper,on,711.58,34,0,9
1aef15fa-f7d0-4d53-8d8b-8084b58cbc3e,Office Supplies,Phones,area,558.03,270,365,69
c841b312-32ae-4ae3-8e46-5fa454b143e9,Office Supplies,Phones,despite,785.19,431,365,32
6d63a52f-046b-4aab-a6cc-4c06b93f50fe,Furniture,Accessories,especially,309.51,301,90,57
b63028bd-5890-4b25-b320-50b03527411e,Technology,Phones,best,233.64,421,30,57
b0fa221a-bbb8-4003-b3f3-ed6c70c8b5ed,Technology,Accessories,court,696.1,206,30,63
b049ed39-adcf-4782-b620-0738eebe9fc5,Furniture,Accessories,position,984.94,205,90,76
4971e21c-4800-49de-85c8-ce6a6ca2961b,Technology,Phones,total,657.37,176,0,10
b420f9ce-c594-4378-b29a-f22d6b190da8,Office Supplies,Phones,agreement,271.34,158,30,4
6395bfa8-1c27-45ce-b9f8-6b137eedff74,Office Supplies,Accessories,kid,303.3,44,365,83
31d40c98-1299-4bfb-a08e-901a8eddf5be,Furniture,Chairs,skin,668.27,461,365,92
d26ad0b4-8c2b-4585-849b-d2b60e166a4a,Technology,Chairs,tend,966.8,184,0,77
f5481a31-6031-4a39-af25-bbf30fcef33b,Furniture,Paper,trouble,114.11,334,0,34
4878ff97-d79c-414b-981a-d971e24b33b7,Technology,Accessories,conference,764.12,24,30,27
06249af3-69d1-44c4-b773-f67cfd6b9f30,Technology,Accessories,consumer,11.26,236,365,33
937b410d-fd57-4675-8881-95ae2c89acd7,Furniture,Paper,minute,661.33,207,365,61
5186d076-44d4-487b-937b-439b0ed8baf4,Technology,Phones,technology,620.32,204,90,89
3f26dda9-8cc4-4b8f-b5df-d87e492a5ce4,Technology,Accessories,agency,710.86,329,365,48
1bb15246-2df2-4f15-b731-8d7634a2fa41,Furniture,Phones,financial,724.59,234,0,96
54461174-b6c0-40dd-a34f-26d1488ddb08,Furniture,Chairs,letter,78.17,359,365,51
b3d2dd45-4eab-4f15-8bfc-d34fabed2dbe,Furniture,Paper,human,450.62,493,365,90
e9e5fb02-d00d-4838-94ac-c2821549ac3d,Technology,Paper,help,17.4,479,0,52
16f70a4b-a7db-4ca1-bd94-986672c35993,Furniture,Phones,analysis,667.28,124,90,89
8ab1e38e-594a-4da6-ac12-03bc3d6e25b0,Technology,Accessories,theory,474.22,476,90,2
97fdc22c-67d1-46a2-9b63-c85eaabb098f,Office Supplies,Accessories,nature,710.42,195,90,34
e46aa2a4-7a60-43e8-a22a-b670477e3c3d,Furniture,Accessories,fire,814.94,335,365,65
84ed14df-527d-4c9e-bce9-23bdef113b6a,Office Supplies,Chairs,change,422.05,262,90,91
905874b4-86ca-4083-a2aa-269db20712e6,Furniture,Accessories,possible,458.69,85,90,40
c1ef6704-4848-4a33-9f68-e166c8aa9951,Office Supplies,Paper,rock,740.67,312,30,6
67209d80-2368-406a-bb39-e37ded6897ba,Furniture,Paper,garden,554.27,399,30,18
0ae0a3ad-07bc-4ff9-a3d3-db0f8b4e6f36,Technology,Chairs,ago,165.47,22,90,21
d71ec2d0-a4cc-40a7-9ea7-7a32c644367e,Technology,Chairs,cause,725.63,246,30,34
ecd16073-592e-4cc5-bacd-7041c4d3bcc6,Furniture,Accessories,manager,795.7,109,30,2
01a94544-7ec3-4463-bee8-097f80d6fda0,Technology,Phones,history,650.0,420,30,44
81d5ce0d-642c-421d-83d7-2c2996fff38b,Furniture,Accessories,follow,707.1,379,365,17
9b6b3061-22b5-4ead-934e-5bebfc9e5123,Furniture,Chairs,fine,723.62,464,365,74
6471cea5-adb8-4038-b65b-91f1f2ae84a2,Office Supplies,Chairs,morning,686.77,258,365,23
588f1d3f-43f6-4363-9cdf-51c7b0f0299d,Furniture,Chairs,campaign,773.05,434,90,86
009c1620-ff7c-44a3-9159-198f8a6f0498,Furniture,Accessories,whether,417.07,213,365,65
66421d04-082a-42f5-80fd-cc73871b6aab,Furniture,Phones,describe,906.13,281,90,63
339df56a-1945-42dc-99cc-6e7a345c2762,Office Supplies,Paper,understand,581.06,208,90,12
bc494acb-6a29-4a73-9a3a-d94543f42cc0,Furniture,Chairs,at,673.57,35,365,46
0415051f-c151-47ac-9ea2-289adfad4636,Office Supplies,Phones,behavior,139.33,280,30,73
d78433bc-bfd0-4b85-b1d4-0d220411a040,Furniture,Accessories,benefit,431.48,332,365,55
ba4d5269-27a6-4681-ab00-07d75c219c23,Office Supplies,Accessories,these,947.95,98,90,87
ff8a17c0-5a64-4796-9f3c-95e27b48f459,Office Supplies,Paper,general,403.61,266,0,18
f4fd9da2-b1eb-426f-bf55-21fd24f1704d,Furniture,Accessories,off,690.16,382,365,95
c0c79214-2d2c-4c2d-ab30-594ec70c983b,Technology,Accessories,not,758.12,282,0,58
cbaacf59-a8cc-4e55-a5b5-75c162b2df7f,Furniture,Paper,specific,724.81,121,90,40
2a5ced25-af75-45de-ad12-d132bd5cfc18,Furniture,Phones,number,822.34,43,365,37
618ad68d-1bbe-4c74-b733-e02cbf9f7585,Furniture,Phones,develop,582.2,346,30,24
76e47bbe-4b2f-4862-81dd-6f578c4e9bae,Technology,Paper,situation,870.89,207,30,6
32c35cf9-686d-4b06-88e0-b098c94dc496,Furniture,Accessories,thank,883.99,257,0,78
834ae1f5-9340-4607-9fb4-034fabf9e397,Technology,Chairs,why,207.87,458,365,46
2c433b24-ba3f-4299-a4e2-8d8de9d2a79d,Technology,Paper,attorney,512.79,360,365,93
1c3dd1fe-58ab-492a-92d1-42e6d5b98335,Technology,Phones,write,644.33,313,30,63
a03961b3-bfde-4756-9d3a-a72efcd7b3d2,Office Supplies,Accessories,force,256.24,454,30,30
ae093278-4e98-4f3f-a0eb-f19d223943c6,Furniture,Phones,keep,745.59,205,90,61
8923469c-8b56-42a9-90bf-532051fb591e,Furniture,Chairs,skin,946.53,313,30,13
83468288-80cd-44e3-a520-b82c6281b5e8,Office Supplies,Phones,range,784.38,114,30,94
21e2a5e1-7171-41cb-97dc-ac2c5e4757ae,Office Supplies,Accessories,occur,647.79,106,0,85
02f2609d-2cb8-4933-a608-4a462e533bb3,Office Supplies,Paper,responsibility,110.49,71,0,98
e91b128f-301b-48a0-9c8c-7d10153dd4d7,Office Supplies,Chairs,add,648.36,434,90,24
b03fcb84-2499-491c-aa43-16ec6143ca7a,Office Supplies,Accessories,while,824.08,127,0,74
553ac8a5-9d9b-4b1c-809a-fd854dc59329,Office Supplies,Phones,choice,885.74,193,365,96
65017c1d-d72c-4f95-8d4e-88e12d871b61,Office Supplies,Chairs,lot,245.2,422,90,20
b3fe04cf-d35a-446f-878a-916f1eeeb505,Technology,Accessories,opportunity,63.81,115,365,43
081af93c-ddc6-44cd-9860-28e299ad9a35,Office Supplies,Accessories,attention,758.45,339,90,30
deeb7c47-2c43-4a2a-8fe8-447782132fda,Technology,Phones,gas,543.17,313,365,95
7c8e4510-0530-481d-a075-50952bff3c95,Furniture,Accessories,available,660.94,224,0,68
4e2f3392-ea2d-43a0-b94c-268a858b6298,Office Supplies,Accessories,response,73.71,12,30,48
efaaa93d-58c2-44bc-95ec-3198a41823af,Technology,Accessories,whether,555.83,23,0,74
3e6e295d-5ddd-4dcd-8456-cc0f978260c9,Furniture,Phones,claim,900.84,456,0,40
72356e13-9d72-4614-9012-5dc43e80da0d,Office Supplies,Paper,reduce,147.55,128,90,32
0959cc8d-ee64-4a1f-b8a6-1533f8d1fd5d,Furniture,Chairs,yourself,300.52,461,90,33
26e5e2f6-1b67-44d4-9052-7c5fd5ec9d0f,Office Supplies,Phones,return,476.5,234,30,30
4873b7a7-0d85-43c5-bf7a-01479e535a7b,Furniture,Phones,simply,334.53,195,0,3
1d65b78a-8d2d-40cc-be2b-8131e3b68f73,Office Supplies,Phones,cost,244.65,389,365,58
ea9e827a-cfe1-4368-9fd5-b8f61e64be9c,Furniture,Phones,read,403.67,246,30,89
4dae252a-e4ec-494e-91fd-99960c6f6a64,Office Supplies,Phones,baby,682.7,250,30,77
b0607878-6b8b-469e-a151-ee14e16418a1,Technology,Phones,street,983.74,240,0,35
4329e221-22f5-473e-8b34-941d2b086525,Technology,Accessories,community,495.85,494,30,31
96cf9c82-fb7a-433f-97d3-4bdaed4e2b17,Office Supplies,Accessories,adult,941.37,475,365,46
05ddd30d-ef10-45dc-8004-c145962d06d5,Furniture,Phones,note,553.27,218,365,79
fcfad00c-8f0a-4337-a49b-ad03f5c65509,Office Supplies,Paper,moment,780.47,36,30,59
76826264-037e-455e-961e-35ae0ea29ae7,Technology,Chairs,rest,581.88,63,90,38
091c27e7-ea8e-465f-bf9e-3f9bef89cbb9,Furniture,Accessories,open,285.96,76,365,90
1f003295-5e14-44c1-bc45-c0ddcd48f1ad,Furniture,Accessories,radio,904.45,147,90,7
cd614c87-1498-4374-8ffa-976a6e987220,Technology,Paper,because,699.49,160,365,93
5c853027-52e6-455e-b332-8d1a2453b47c,Office Supplies,Phones,reach,728.15,362,365,11
d7d3b886-1a30-410d-9002-dd370a54fcbb,Technology,Paper,wife,636.12,457,30,66
6ea9ba76-f5eb-4211-89cb-1399ec6183ad,Technology,Phones,still,185.14,488,90,66
50a1541e-2826-4325-aeb7-89898d3809bb,Technology,Accessories,something,848.72,290,30,90
a37b586e-474c-4347-be3b-cec110f96d76,Office Supplies,Phones,his,813.1,466,90,39
123763dd-94bf-4187-b3a5-9ce8995bc0f8,Furniture,Phones,keep,884.9,161,0,20
9ee77c7f-7399-46c9-92af-da11344002ba,Technology,Paper,responsibility,438.4,397,30,59
1dc3507d-a7e7-4c66-bb03-957a61c48d57,Office Supplies,Chairs,ask,428.27,383,30,5
2a163326-3fc4-410d-8d1c-08054b60e313,Technology,Paper,hour,64.55,22,90,99
33ea92a4-bc6d-4a87-80d5-0cd4717c20e7,Office Supplies,Paper,they,702.2,290,0,100
a0878098-c75e-4fb0-b848-7aff36d47d23,Furniture,Paper,probably,367.32,30,365,4
e6dfe392-ff6f-416e-b2d6-6284c864f4a7,Technology,Chairs,including,615.59,248,30,38
d868c7d3-0b0d-43c4-963e-cc9a1942cc99,Technology,Paper,operation,737.19,36,90,15
874f8b32-77ff-4ef7-a459-f89f748b3edf,Office Supplies,Chairs,mean,245.39,381,90,27
f085d586-1ae0-40ec-84ff-014f748cf3ce,Office Supplies,Paper,street,765.9,23,0,80
32b89ae7-767e-467f-add9-0aa0d1fa0ad2,Furniture,Paper,study,336.9,375,90,87
fedd994f-5099-4b9f-b178-220ff65bfb1b,Furniture,Chairs,culture,979.66,174,30,87
7a88ca01-444f-4333-aa9f-f45ce7cee565,Technology,Accessories,least,385.22,130,0,77
df42a79d-bddb-4a06-b691-f9db6fb7fabc,Furniture,Accessories,at,916.28,202,90,65
68fd1697-8604-4339-b398-c983bbde6921,Office Supplies,Phones,add,669.59,61,90,18
eadeb5af-9d3a-4ea0-bad0-eb76e6673565,Technology,Phones,identify,76.01,198,30,96
b9222114-fe5f-43a6-a9e9-79c5d1f2f528,Office Supplies,Paper,image,121.22,243,90,61
b63e0b2e-1181-40b2-afeb-5edc4a9ef5be,Technology,Accessories,become,899.39,269,365,63
b11a285c-1d3d-41eb-a884-fcae5ba5bfcb,Furniture,Paper,attack,895.65,371,30,42
b6ec039f-d20a-4d85-9dac-7d247fd3b9b9,Furniture,Phones,why,800.39,431,365,81
37fe5a62-8cfe-4d2a-8c68-5daf6483a10a,Furniture,Chairs,medical,695.87,453,0,26
9340274c-858b-4d0f-bdaa-c02a9d62dd7d,Office Supplies,Phones,eat,195.48,377,30,26
3de0f6a9-c9f1-490d-a1ff-9bd0cf722258,Technology,Accessories,land,426.66,72,90,93
1ab7e48d-6f73-4563-9642-827f92e6f584,Office Supplies,Phones,pick,233.18,290,30,12
3473f415-991f-416b-8672-242c00772a45,Technology,Accessories,network,737.47,55,30,81
28e936a5-12d0-4001-b601-e04e2fb63eff,Technology,Phones,argue,152.17,187,0,64
84e12381-43fd-4e46-b8c4-3b7322f0963a,Office Supplies,Phones,poor,731.77,334,90,19
badd6cd0-7e14-4e73-a280-ae1d531e1198,Technology,Chairs,left,66.47,290,30,23
0aa3fcee-c41e-4958-a421-95d09bba45a5,Technology,Chairs,reflect,704.71,221,0,32
83950af3-ae2e-4887-9423-52086a3b4d4e,Office Supplies,Phones,management,252.62,34,30,41
892d7930-ea88-4270-abee-3077abc42b68,Office Supplies,Paper,part,286.17,284,0,21
075b93a5-0fea-45a4-ad95-3a21d583ec78,Office Supplies,Phones,all,742.36,50,30,4
7bed5ec3-884b-4bc0-bebd-833481df1ad8,Technology,Chairs,person,251.34,496,365,39
45d65731-7f26-41c3-a165-5263b2970b53,Office Supplies,Chairs,mother,586.12,222,90,6
2aa85c18-373b-42f9-995c-9be453be8c20,Technology,Accessories,wall,748.37,45,90,9
54d4db5f-3cbd-456f-a043-341378387864,Office Supplies,Phones,idea,811.7,145,0,71
9c586b5e-50d9-4bee-8939-7cbc73e60de3,Technology,Paper,large,294.56,68,365,28
6a1c85eb-744b-43d9-a7b2-3756779ed0d5,Office Supplies,Paper,president,891.2,460,30,37
04f5779e-89a4-45c3-8868-1844238e44b6,Furniture,Accessories,even,769.2,385,365,59
e218cf75-1490-4aa7-97de-d8e1b19f3d7e,Office Supplies,Accessories,almost,600.24,417,0,66
697e23c9-46d3-4e33-8a81-a329f1afd3eb,Furniture,Phones,economic,451.08,161,365,30
d349d8b3-e1ce-436f-876d-908871b3a2bf,Furniture,Chairs,child,386.91,149,90,87
67c95631-2601-4c90-b3ea-348a5a707d07,Office Supplies,Accessories,back,638.43,231,90,20
43f81ed9-b082-4595-bf75-80050b8d4b34,Technology,Accessories,that,657.91,157,30,33
2d5abf76-8eca-4e28-9a7a-596bdb9d056a,Office Supplies,Accessories,health,710.82,401,30,56
cb3e48b8-f38b-4aa8-81ab-ac4af6e15808,Office Supplies,Paper,trial,441.78,240,0,27
98cc0cc5-403b-4eb7-ace8-4f4494362470,Technology,Paper,blue,446.96,402,365,79
abec2a6a-e8a6-4dc2-a558-b378f4a27eb3,Furniture,Paper,by,307.51,250,90,98
70ee1681-9fa4-4538-a400-dd436079bcdd,Furniture,Phones,TV,711.28,309,30,82
1e53e14a-aa08-450d-ad58-781c1e2f27b2,Technology,Phones,major,442.2,239,365,23
644a0e6e-fc19-4bc2-bc36-5bb7340e6a7a,Technology,Chairs,better,636.96,40,365,21
c23173f1-3bcc-4be4-9877-8fc371fb8c47,Office Supplies,Chairs,son,912.28,418,30,57
ffebc1ab-2b40-4308-a2b0-f418d481d469,Office Supplies,Paper,serious,984.48,285,30,17
38d1109d-037a-485f-ad60-827b4eb4d1ae,Furniture,Paper,few,999.35,27,90,80
1ce78354-18f0-4a8d-90de-30dba3344340,Office Supplies,Phones,foreign,884.94,476,365,54
fcd66b81-17f7-4046-b7cd-771af8c68864,Furniture,Paper,wife,924.36,339,90,84
0c196001-e499-4f0f-ad40-a83123f21c76,Furniture,Paper,husband,310.31,399,0,30
bf013fcc-b6ba-4f72-8fe6-a8c018269eac,Furniture,Paper,central,513.16,318,30,62
4655430b-a5f2-4b15-9bce-769298c4b51e,Office Supplies,Accessories,standard,425.13,129,0,67
019993bd-17b0-4c8e-b302-49ba2f329edd,Office Supplies,Accessories,they,523.1,442,90,66
155da6da-0023-4412-9fdc-829a08e2c0be,Furniture,Paper,indeed,188.75,81,30,21
a33c9155-9a9e-40d1-8913-aab2b87e1310,Technology,Chairs,couple,462.13,126,90,56
abf8b08f-d338-4e84-83bb-ed581716d83e,Office Supplies,Accessories,former,593.93,188,0,34
61985d60-031f-4546-b4ce-f21563ebe31c,Technology,Phones,toward,212.11,423,0,78
bd87ca95-57c9-49bb-8422-5df89060461f,Technology,Paper,economic,617.34,455,0,43
64b2102a-40b2-4b88-b2da-9e4910bff080,Furniture,Accessories,education,713.05,155,30,76
ad0dc3f6-8f15-4876-8656-5e46b4405e05,Office Supplies,Phones,condition,445.26,283,0,91
a94c614a-1b87-4354-93f5-ca533551bc3b,Furniture,Paper,agent,611.5,214,365,71
34d4c5b6-62ff-42e4-a922-903f11779bc2,Office Supplies,Accessories,fill,382.71,178,90,29
b27b0747-9ce1-4340-880f-6e65925febd1,Furniture,Chairs,field,99.66,182,0,63
7127d4a5-14c1-45c1-9830-e5d7ccf9cb9d,Furniture,Phones,effort,321.31,26,90,27
40a11737-7d4b-47a3-9864-71345365d19c,Office Supplies,Phones,weight,596.87,368,90,19
72c907a6-684b-4b9f-bb1a-86592f490f51,Furniture,Chairs,girl,43.15,199,365,11
7f1e91d4-73dd-4e72-9380-2f6a587407d0,Office Supplies,Paper,travel,263.22,219,365,42
ea28cd4c-a00f-473e-b858-2c1bfb7a21b6,Furniture,Phones,whose,29.96,207,30,93
64854b77-b90d-47fb-91e8-2c6e9b7125b7,Office Supplies,Chairs,drop,865.45,71,90,88
d3b2da68-6138-43fc-b880-cfde3850ad1b,Furniture,Phones,teach,836.44,379,365,13
aacf794b-97aa-47b7-8f13-2528e5176c69,Technology,Paper,window,544.81,431,30,56
a528d08d-66d6-44fe-b742-2bd9af798241,Furniture,Accessories,staff,697.51,317,0,6
9c4912c2-efe3-46e5-b65d-a485e25cbac9,Technology,Paper,song,945.4,340,0,21
9bf1364f-eafe-4eb5-b190-8afed3c3a572,Office Supplies,Paper,provide,101.34,225,0,57
695dcc86-7704-477f-b934-c2ae257f5c09,Furniture,Phones,behavior,602.18,199,365,89
5c9e7730-5e94-4db5-ad2c-3846dedcba00,Office Supplies,Paper,think,635.08,366,90,10
03a735ce-3126-4d68-83ac-51a1f283144b,Furniture,Accessories,military,644.65,450,90,76
b67b8daa-c868-446d-b6ad-0513a757720b,Office Supplies,Phones,worry,965.97,57,365,97
b05fe7e6-1211-40f4-b90f-8c4767dd1469,Office Supplies,Phones,seven,240.5,230,90,31
6766e279-b4c2-4df4-b102-b7a6a09063d7,Office Supplies,Phones,any,195.16,472,0,95
1b778c85-ee43-40bb-b72e-163f2967517a,Office Supplies,Paper,room,245.59,53,0,31
6124b80c-eb00-4850-8882-64c1180087c6,Technology,Paper,white,905.66,216,365,98
787bd987-debf-4cc3-8896-55190d63eb00,Office Supplies,Accessories,institution,749.36,273,30,81
fae53342-368e-48cd-962b-01eec4455768,Office Supplies,Paper,manager,478.55,127,365,15
ea969457-46b4-43ac-86a1-eae8b4970149,Office Supplies,Chairs,read,89.23,163,90,70
e2289d2c-7e5d-44f8-8ebc-b353acd4cf39,Technology,Phones,role,941.96,144,90,93
cf649be0-1ebb-421b-8a36-cb4b6f180ee3,Technology,Paper,energy,858.82,321,90,99
f7a42e4f-f276-4e95-a541-dd296e5691fc,Furniture,Accessories,official,953.63,401,90,38
c0d5beea-ee11-4762-a33b-07aa769fc836,Technology,Accessories,whom,715.92,335,0,17
c885db34-7d3f-4a79-805d-973e739a8d2f,Technology,Chairs,management,588.62,285,0,17
4ba467ed-621b-4f5c-b8a1-a12d2d12f553,Technology,Chairs,theory,689.29,383,0,2
3fb74172-a7df-4dfb-8947-4c10bafdaf33,Technology,Phones,everyone,790.39,351,365,24
876f073e-de88-4495-989b-2e1e45780dc3,Office Supplies,Chairs,study,922.83,391,90,62
7b7a3fcc-0693-4d71-8f16-7f374ef6a9fe,Office Supplies,Chairs,least,242.49,449,0,46
6faea463-3da3-4860-8506-06d2ab44b6f5,Technology,Paper,determine,714.42,490,90,36
cac8a70c-ed6e-48b5-a89f-d7c67b1158f8,Office Supplies,Chairs,often,58.31,271,30,95
c1b8a9bc-1e30-4c45-8026-43d480f87613,Technology,Chairs,any,534.49,379,30,49
5e4efa9c-193d-44e3-8483-62bd01c4e8bf,Furniture,Accessories,vote,674.18,176,30,98
acdf2928-97b8-40de-a829-ed9cb930615a,Office Supplies,Accessories,miss,415.59,172,365,18
5bf0561b-0b0b-47b1-88fb-13a7e1da30d4,Office Supplies,Paper,population,337.87,151,0,3
b805b3fa-b3af-4afd-bafc-30bd44bca691,Furniture,Accessories,though,706.66,116,365,78
a4ee6740-168e-4742-bc48-943dae5c136c,Office Supplies,Paper,property,942.28,217,30,52
5adf5962-99a7-40e4-9338-3643c804a83f,Technology,Chairs,picture,326.51,439,30,82
65f1a602-514a-4839-8676-c92e77a2d94d,Technology,Chairs,cost,758.37,13,0,42
402005fa-97de-4153-a443-94344712a4c7,Office Supplies,Phones,reduce,838.97,383,90,54
f94347f5-da5a-4869-ab8a-ffa300f408d6,Furniture,Accessories,letter,835.38,190,365,8
e7ce4ab5-5e87-4e97-b774-9c9f762af2c7,Technology,Phones,force,446.77,20,0,14
13b76390-f6d4-4238-8003-fa9a508fff8c,Office Supplies,Chairs,box,873.09,205,30,68
7a939fbb-5829-488b-93e0-2b9076e8951f,Office Supplies,Accessories,unit,376.66,315,30,91
af8c423d-4294-494b-ac41-794256673216,Furniture,Paper,official,482.01,39,30,53
144a98b2-30e6-4b33-add5-69c5a9493978,Office Supplies,Chairs,cultural,707.91,86,365,69
c9dd1fcc-a222-4bc5-9083-eda966798c29,Office Supplies,Paper,give,786.55,96,90,37
2bb17f09-3208-4986-8f68-6a57ea9c3c94,Office Supplies,Accessories,generation,419.69,31,30,9
fce97384-45db-4869-ab58-30fecee335af,Furniture,Chairs,authority,316.32,327,90,11
83246720-9d3d-4166-b7a7-2cc8caaa51b7,Office Supplies,Paper,situation,788.51,218,30,34
ed3b9526-9eb3-41a9-bf90-3542bf7c3edd,Office Supplies,Phones,effort,980.92,166,0,79
ea8aa09b-dc51-4df7-9b1a-2fd28b0cb655,Technology,Phones,if,966.86,23,30,47
9346182b-d474-4cd7-bacc-447ca4911166,Technology,Chairs,large,906.06,397,365,45
aa3e4c04-3691-47d1-a57f-4f13d6c72276,Furniture,Chairs,number,171.15,245,365,35
5c107150-e072-43fa-9d7e-348b9d2cea75,Office Supplies,Accessories,hard,87.24,115,0,38
27e187c7-198e-46dc-9527-c98a7e941422,Technology,Phones,tax,406.1,248,0,11
3072e07c-427c-4ceb-866f-cb6b6909dcd6,Office Supplies,Paper,arm,530.02,100,365,25
1fe119fe-c73b-46a2-8fbd-914d882db7c4,Office Supplies,Paper,modern,724.74,467,90,95
dee3a6b5-b1aa-45f7-a747-97df986d2a4f,Technology,Accessories,campaign,219.78,453,90,78
ca02c132-6d83-4110-b7e7-700d04ea8611,Office Supplies,Chairs,among,120.49,48,90,20
ed90d7ee-2ad3-4a3b-82c5-a3c044d4f1a2,Furniture,Chairs,reflect,364.31,217,90,33
3fd194b6-e52b-46af-81f3-acc12398febe,Furniture,Phones,bring,154.3,247,90,23
fd3b4610-b8a7-4da4-a3c5-4ce1a84b03fb,Furniture,Phones,society,374.88,90,90,94
82dbc677-c115-4b96-8992-d59bc30b68ff,Furniture,Phones,son,770.49,353,30,36
870a937c-2183-439c-b2a4-07ced07794ac,Furniture,Accessories,smile,701.82,60,0,68
75135468-8e8e-4d60-b58e-9d11eb3d1226,Furniture,Paper,how,335.4,205,90,9
876d5e62-8526-43e4-9e7a-21a7a8489ea3,Technology,Paper,heavy,140.97,41,365,32
ef06fcf8-9fb6-4727-baf7-6b52ae5fd0ff,Office Supplies,Paper,ahead,821.21,269,30,39
6181e32e-9381-4ad2-8a7b-c0a46cae7cdd,Office Supplies,Accessories,data,324.0,188,90,80
d08fced3-59b9-4fda-930a-7c97607ebba4,Office Supplies,Paper,debate,455.12,117,90,34
a9fe89e9-90fc-4a3c-9213-287ea566c091,Furniture,Chairs,decision,804.88,172,365,95
de88c9d6-baed-4378-b73d-b3a87002f3cb,Office Supplies,Phones,article,999.45,467,30,12
c257df88-0a7c-49e9-90f1-58e3b0156bfc,Furniture,Chairs,consumer,893.33,47,365,78
13335f96-c448-4830-80da-35ff2d751f20,Technology,Paper,six,39.72,218,30,10
b6941d41-a602-4003-8442-bd462f4025c8,Furniture,Phones,fact,956.34,140,30,72
77b3dca6-3299-4b3a-b159-deb5e36a62b9,Furniture,Phones,light,397.76,46,0,45
72796338-676f-4e11-9396-50a80423514e,Technology,Paper,word,319.93,211,0,9
7d751e55-1fcb-478e-8448-3184e0feb2c6,Office Supplies,Chairs,standard,65.76,345,90,92
